col,component_fun,setting,model,video,acc
NIR_minmax,KernelPCA,sigmoid,AgglomerativeClustering,16090101,0.9705882352941176
NIR_minmax,KernelPCA,sigmoid,AgglomerativeClustering,16090401,1.0
NIR_minmax,KernelPCA,sigmoid,AgglomerativeClustering,16090601,1.0
NIR_minmax,KernelPCA,sigmoid,AgglomerativeClustering,16091201,0.9444444444444444
NIR_minmax,KernelPCA,sigmoid,AgglomerativeClustering,16091301,0.6590909090909092
NIR_minmax,KernelPCA,sigmoid,AgglomerativeClustering,16092001,0.9206349206349208
NIR_minmax,KernelPCA,sigmoid,AgglomerativeClustering,16092201,0.6724137931034483
NIR_minmax,KernelPCA,sigmoid,AgglomerativeClustering,16092301,0.6101694915254238
NIR_minmax,KernelPCA,sigmoid,AgglomerativeClustering,16092501,0.7432432432432432
NIR_minmax,KernelPCA,sigmoid,AgglomerativeClustering,16092701,1.0
NIR_minmax,KernelPCA,sigmoid,AgglomerativeClustering,16092801,1.0
NIR_minmax,KernelPCA,sigmoid,AgglomerativeClustering,16093001,0.5806451612903225
NIR_minmax,KernelPCA,sigmoid,AgglomerativeClustering,16093201,0.7560975609756098
NIR_minmax,KernelPCA,sigmoid,AgglomerativeClustering,16093301,0.8108108108108109
NIR_minmax,KernelPCA,sigmoid,AgglomerativeClustering,16093501,0.9636363636363636
NIR_minmax,KernelPCA,sigmoid,AgglomerativeClustering,16093601,0.52
NIR_minmax,KernelPCA,sigmoid,AgglomerativeClustering,16093801,0.8028169014084507
NIR_minmax,KernelPCA,sigmoid,AgglomerativeClustering,170101,0.7804878048780488
NIR_minmax,KernelPCA,sigmoid,AgglomerativeClustering,170103,1.0
NIR_minmax,KernelPCA,sigmoid,AgglomerativeClustering,170104,0.5873015873015873
NIR_minmax,KernelPCA,sigmoid,AgglomerativeClustering,170108,1.0
NIR_minmax,KernelPCA,sigmoid,AgglomerativeClustering,170110,0.5396825396825397
NIR_minmax,KernelPCA,sigmoid,Birch,16090101,0.6764705882352942
NIR_minmax,KernelPCA,sigmoid,Birch,16090401,0.6266666666666667
NIR_minmax,KernelPCA,sigmoid,Birch,16090601,0.5348837209302325
NIR_minmax,KernelPCA,sigmoid,Birch,16091201,0.75
NIR_minmax,KernelPCA,sigmoid,Birch,16091301,0.75
NIR_minmax,KernelPCA,sigmoid,Birch,16092001,0.6507936507936508
NIR_minmax,KernelPCA,sigmoid,Birch,16092201,0.7241379310344828
NIR_minmax,KernelPCA,sigmoid,Birch,16092301,0.7796610169491526
NIR_minmax,KernelPCA,sigmoid,Birch,16092501,0.6891891891891891
NIR_minmax,KernelPCA,sigmoid,Birch,16092701,0.8055555555555556
NIR_minmax,KernelPCA,sigmoid,Birch,16092801,0.64
NIR_minmax,KernelPCA,sigmoid,Birch,16093001,0.6129032258064516
NIR_minmax,KernelPCA,sigmoid,Birch,16093201,0.6585365853658537
NIR_minmax,KernelPCA,sigmoid,Birch,16093301,0.6216216216216216
NIR_minmax,KernelPCA,sigmoid,Birch,16093501,0.6363636363636364
NIR_minmax,KernelPCA,sigmoid,Birch,16093601,0.76
NIR_minmax,KernelPCA,sigmoid,Birch,16093801,0.8169014084507042
NIR_minmax,KernelPCA,sigmoid,Birch,170101,0.5365853658536586
NIR_minmax,KernelPCA,sigmoid,Birch,170103,0.6428571428571429
NIR_minmax,KernelPCA,sigmoid,Birch,170104,0.8095238095238095
NIR_minmax,KernelPCA,sigmoid,Birch,170108,0.6666666666666667
NIR_minmax,KernelPCA,sigmoid,Birch,170110,0.6190476190476191
NIR_minmax,KernelPCA,sigmoid,KMeans,16090101,0.9117647058823528
NIR_minmax,KernelPCA,sigmoid,KMeans,16090401,1.0
NIR_minmax,KernelPCA,sigmoid,KMeans,16090601,1.0
NIR_minmax,KernelPCA,sigmoid,KMeans,16091201,0.9444444444444444
NIR_minmax,KernelPCA,sigmoid,KMeans,16091301,0.6818181818181819
NIR_minmax,KernelPCA,sigmoid,KMeans,16092001,0.873015873015873
NIR_minmax,KernelPCA,sigmoid,KMeans,16092201,0.7413793103448276
NIR_minmax,KernelPCA,sigmoid,KMeans,16092301,0.6779661016949152
NIR_minmax,KernelPCA,sigmoid,KMeans,16092501,0.7432432432432432
NIR_minmax,KernelPCA,sigmoid,KMeans,16092701,1.0
NIR_minmax,KernelPCA,sigmoid,KMeans,16092801,1.0
NIR_minmax,KernelPCA,sigmoid,KMeans,16093001,0.5645161290322581
NIR_minmax,KernelPCA,sigmoid,KMeans,16093201,0.7560975609756098
NIR_minmax,KernelPCA,sigmoid,KMeans,16093301,0.8378378378378378
NIR_minmax,KernelPCA,sigmoid,KMeans,16093501,0.9272727272727272
NIR_minmax,KernelPCA,sigmoid,KMeans,16093601,0.52
NIR_minmax,KernelPCA,sigmoid,KMeans,16093801,0.8169014084507042
NIR_minmax,KernelPCA,sigmoid,KMeans,170101,0.7317073170731707
NIR_minmax,KernelPCA,sigmoid,KMeans,170103,0.9642857142857144
NIR_minmax,KernelPCA,sigmoid,KMeans,170104,0.6349206349206349
NIR_minmax,KernelPCA,sigmoid,KMeans,170108,1.0
NIR_minmax,KernelPCA,sigmoid,KMeans,170110,0.5555555555555556
NIR_minmax,KernelPCA,sigmoid,MiniBatchKMeans,16090101,0.9117647058823528
NIR_minmax,KernelPCA,sigmoid,MiniBatchKMeans,16090401,1.0
NIR_minmax,KernelPCA,sigmoid,MiniBatchKMeans,16090601,1.0
NIR_minmax,KernelPCA,sigmoid,MiniBatchKMeans,16091201,0.9444444444444444
NIR_minmax,KernelPCA,sigmoid,MiniBatchKMeans,16091301,0.6818181818181819
NIR_minmax,KernelPCA,sigmoid,MiniBatchKMeans,16092001,0.8412698412698413
NIR_minmax,KernelPCA,sigmoid,MiniBatchKMeans,16092201,0.7413793103448276
NIR_minmax,KernelPCA,sigmoid,MiniBatchKMeans,16092301,0.6440677966101694
NIR_minmax,KernelPCA,sigmoid,MiniBatchKMeans,16092501,0.7432432432432432
NIR_minmax,KernelPCA,sigmoid,MiniBatchKMeans,16092701,1.0
NIR_minmax,KernelPCA,sigmoid,MiniBatchKMeans,16092801,1.0
NIR_minmax,KernelPCA,sigmoid,MiniBatchKMeans,16093001,0.8064516129032258
NIR_minmax,KernelPCA,sigmoid,MiniBatchKMeans,16093201,0.7560975609756098
NIR_minmax,KernelPCA,sigmoid,MiniBatchKMeans,16093301,0.8108108108108107
NIR_minmax,KernelPCA,sigmoid,MiniBatchKMeans,16093501,0.9272727272727272
NIR_minmax,KernelPCA,sigmoid,MiniBatchKMeans,16093601,0.52
NIR_minmax,KernelPCA,sigmoid,MiniBatchKMeans,16093801,0.8028169014084507
NIR_minmax,KernelPCA,sigmoid,MiniBatchKMeans,170101,0.5609756097560976
NIR_minmax,KernelPCA,sigmoid,MiniBatchKMeans,170103,0.9642857142857144
NIR_minmax,KernelPCA,sigmoid,MiniBatchKMeans,170104,0.6349206349206349
NIR_minmax,KernelPCA,sigmoid,MiniBatchKMeans,170108,1.0
NIR_minmax,KernelPCA,sigmoid,MiniBatchKMeans,170110,0.5238095238095238
NIR_minmax,KernelPCA,sigmoid,SpectralClustering,16090101,0.9117647058823528
NIR_minmax,KernelPCA,sigmoid,SpectralClustering,16090401,0.9866666666666668
NIR_minmax,KernelPCA,sigmoid,SpectralClustering,16090601,1.0
NIR_minmax,KernelPCA,sigmoid,SpectralClustering,16091201,0.9444444444444444
NIR_minmax,KernelPCA,sigmoid,SpectralClustering,16091301,0.6818181818181818
NIR_minmax,KernelPCA,sigmoid,SpectralClustering,16092001,0.873015873015873
NIR_minmax,KernelPCA,sigmoid,SpectralClustering,16092201,0.7413793103448276
NIR_minmax,KernelPCA,sigmoid,SpectralClustering,16092301,0.6779661016949152
NIR_minmax,KernelPCA,sigmoid,SpectralClustering,16092501,0.7432432432432432
NIR_minmax,KernelPCA,sigmoid,SpectralClustering,16092701,0.9722222222222222
NIR_minmax,KernelPCA,sigmoid,SpectralClustering,16092801,0.86
NIR_minmax,KernelPCA,sigmoid,SpectralClustering,16093001,0.5645161290322581
NIR_minmax,KernelPCA,sigmoid,SpectralClustering,16093201,0.7560975609756098
NIR_minmax,KernelPCA,sigmoid,SpectralClustering,16093301,0.8378378378378378
NIR_minmax,KernelPCA,sigmoid,SpectralClustering,16093501,0.9272727272727272
NIR_minmax,KernelPCA,sigmoid,SpectralClustering,16093601,0.52
NIR_minmax,KernelPCA,sigmoid,SpectralClustering,16093801,0.8028169014084507
NIR_minmax,KernelPCA,sigmoid,SpectralClustering,170101,0.7560975609756098
NIR_minmax,KernelPCA,sigmoid,SpectralClustering,170103,0.9642857142857144
NIR_minmax,KernelPCA,sigmoid,SpectralClustering,170104,0.6349206349206349
NIR_minmax,KernelPCA,sigmoid,SpectralClustering,170108,1.0
NIR_minmax,KernelPCA,sigmoid,SpectralClustering,170110,0.5555555555555556
NIR_minmax,KernelPCA,cosine,AgglomerativeClustering,16090101,0.8235294117647058
NIR_minmax,KernelPCA,cosine,AgglomerativeClustering,16090401,1.0
NIR_minmax,KernelPCA,cosine,AgglomerativeClustering,16090601,1.0
NIR_minmax,KernelPCA,cosine,AgglomerativeClustering,16091201,0.9444444444444444
NIR_minmax,KernelPCA,cosine,AgglomerativeClustering,16091301,0.75
NIR_minmax,KernelPCA,cosine,AgglomerativeClustering,16092001,0.9206349206349208
NIR_minmax,KernelPCA,cosine,AgglomerativeClustering,16092201,0.6896551724137931
NIR_minmax,KernelPCA,cosine,AgglomerativeClustering,16092301,0.6610169491525424
NIR_minmax,KernelPCA,cosine,AgglomerativeClustering,16092501,0.7432432432432432
NIR_minmax,KernelPCA,cosine,AgglomerativeClustering,16092701,1.0
NIR_minmax,KernelPCA,cosine,AgglomerativeClustering,16092801,1.0
NIR_minmax,KernelPCA,cosine,AgglomerativeClustering,16093001,0.7419354838709677
NIR_minmax,KernelPCA,cosine,AgglomerativeClustering,16093201,0.7560975609756098
NIR_minmax,KernelPCA,cosine,AgglomerativeClustering,16093301,0.7567567567567568
NIR_minmax,KernelPCA,cosine,AgglomerativeClustering,16093501,0.9636363636363636
NIR_minmax,KernelPCA,cosine,AgglomerativeClustering,16093601,1.0
NIR_minmax,KernelPCA,cosine,AgglomerativeClustering,16093801,0.9859154929577464
NIR_minmax,KernelPCA,cosine,AgglomerativeClustering,170101,0.7804878048780488
NIR_minmax,KernelPCA,cosine,AgglomerativeClustering,170103,1.0
NIR_minmax,KernelPCA,cosine,AgglomerativeClustering,170104,0.6984126984126984
NIR_minmax,KernelPCA,cosine,AgglomerativeClustering,170108,1.0
NIR_minmax,KernelPCA,cosine,AgglomerativeClustering,170110,0.5079365079365079
NIR_minmax,KernelPCA,cosine,Birch,16090101,0.6764705882352942
NIR_minmax,KernelPCA,cosine,Birch,16090401,0.6266666666666667
NIR_minmax,KernelPCA,cosine,Birch,16090601,0.5348837209302325
NIR_minmax,KernelPCA,cosine,Birch,16091201,0.75
NIR_minmax,KernelPCA,cosine,Birch,16091301,0.75
NIR_minmax,KernelPCA,cosine,Birch,16092001,0.6507936507936508
NIR_minmax,KernelPCA,cosine,Birch,16092201,0.7241379310344828
NIR_minmax,KernelPCA,cosine,Birch,16092301,0.7796610169491526
NIR_minmax,KernelPCA,cosine,Birch,16092501,0.6891891891891891
NIR_minmax,KernelPCA,cosine,Birch,16092701,0.8055555555555556
NIR_minmax,KernelPCA,cosine,Birch,16092801,0.64
NIR_minmax,KernelPCA,cosine,Birch,16093001,0.6129032258064516
NIR_minmax,KernelPCA,cosine,Birch,16093201,0.6585365853658537
NIR_minmax,KernelPCA,cosine,Birch,16093301,0.6216216216216216
NIR_minmax,KernelPCA,cosine,Birch,16093501,0.6363636363636364
NIR_minmax,KernelPCA,cosine,Birch,16093601,0.76
NIR_minmax,KernelPCA,cosine,Birch,16093801,0.8169014084507042
NIR_minmax,KernelPCA,cosine,Birch,170101,0.5365853658536586
NIR_minmax,KernelPCA,cosine,Birch,170103,0.6428571428571429
NIR_minmax,KernelPCA,cosine,Birch,170104,0.8095238095238095
NIR_minmax,KernelPCA,cosine,Birch,170108,0.6666666666666667
NIR_minmax,KernelPCA,cosine,Birch,170110,0.6190476190476191
NIR_minmax,KernelPCA,cosine,KMeans,16090101,0.8823529411764706
NIR_minmax,KernelPCA,cosine,KMeans,16090401,1.0
NIR_minmax,KernelPCA,cosine,KMeans,16090601,1.0
NIR_minmax,KernelPCA,cosine,KMeans,16091201,0.9444444444444444
NIR_minmax,KernelPCA,cosine,KMeans,16091301,0.7272727272727273
NIR_minmax,KernelPCA,cosine,KMeans,16092001,0.873015873015873
NIR_minmax,KernelPCA,cosine,KMeans,16092201,0.6896551724137931
NIR_minmax,KernelPCA,cosine,KMeans,16092301,0.6949152542372882
NIR_minmax,KernelPCA,cosine,KMeans,16092501,0.7432432432432432
NIR_minmax,KernelPCA,cosine,KMeans,16092701,0.9722222222222222
NIR_minmax,KernelPCA,cosine,KMeans,16092801,1.0
NIR_minmax,KernelPCA,cosine,KMeans,16093001,0.8064516129032258
NIR_minmax,KernelPCA,cosine,KMeans,16093201,0.7560975609756098
NIR_minmax,KernelPCA,cosine,KMeans,16093301,0.8108108108108109
NIR_minmax,KernelPCA,cosine,KMeans,16093501,0.9272727272727272
NIR_minmax,KernelPCA,cosine,KMeans,16093601,1.0
NIR_minmax,KernelPCA,cosine,KMeans,16093801,0.9295774647887324
NIR_minmax,KernelPCA,cosine,KMeans,170101,0.5853658536585366
NIR_minmax,KernelPCA,cosine,KMeans,170103,1.0
NIR_minmax,KernelPCA,cosine,KMeans,170104,0.6507936507936508
NIR_minmax,KernelPCA,cosine,KMeans,170108,1.0
NIR_minmax,KernelPCA,cosine,KMeans,170110,0.5079365079365079
NIR_minmax,KernelPCA,cosine,MiniBatchKMeans,16090101,0.8823529411764706
NIR_minmax,KernelPCA,cosine,MiniBatchKMeans,16090401,1.0
NIR_minmax,KernelPCA,cosine,MiniBatchKMeans,16090601,1.0
NIR_minmax,KernelPCA,cosine,MiniBatchKMeans,16091201,0.9444444444444444
NIR_minmax,KernelPCA,cosine,MiniBatchKMeans,16091301,0.7272727272727273
NIR_minmax,KernelPCA,cosine,MiniBatchKMeans,16092001,0.873015873015873
NIR_minmax,KernelPCA,cosine,MiniBatchKMeans,16092201,0.6724137931034483
NIR_minmax,KernelPCA,cosine,MiniBatchKMeans,16092301,0.6949152542372882
NIR_minmax,KernelPCA,cosine,MiniBatchKMeans,16092501,0.7432432432432432
NIR_minmax,KernelPCA,cosine,MiniBatchKMeans,16092701,0.5277777777777778
NIR_minmax,KernelPCA,cosine,MiniBatchKMeans,16092801,1.0
NIR_minmax,KernelPCA,cosine,MiniBatchKMeans,16093001,0.6451612903225806
NIR_minmax,KernelPCA,cosine,MiniBatchKMeans,16093201,0.7560975609756098
NIR_minmax,KernelPCA,cosine,MiniBatchKMeans,16093301,0.8108108108108109
NIR_minmax,KernelPCA,cosine,MiniBatchKMeans,16093501,0.9272727272727272
NIR_minmax,KernelPCA,cosine,MiniBatchKMeans,16093601,0.56
NIR_minmax,KernelPCA,cosine,MiniBatchKMeans,16093801,0.971830985915493
NIR_minmax,KernelPCA,cosine,MiniBatchKMeans,170101,0.7073170731707317
NIR_minmax,KernelPCA,cosine,MiniBatchKMeans,170103,1.0
NIR_minmax,KernelPCA,cosine,MiniBatchKMeans,170104,0.6507936507936508
NIR_minmax,KernelPCA,cosine,MiniBatchKMeans,170108,1.0
NIR_minmax,KernelPCA,cosine,MiniBatchKMeans,170110,0.5079365079365079
NIR_minmax,KernelPCA,cosine,SpectralClustering,16090101,0.8823529411764706
NIR_minmax,KernelPCA,cosine,SpectralClustering,16090401,1.0
NIR_minmax,KernelPCA,cosine,SpectralClustering,16090601,1.0
NIR_minmax,KernelPCA,cosine,SpectralClustering,16091201,0.9444444444444444
NIR_minmax,KernelPCA,cosine,SpectralClustering,16091301,0.7272727272727273
NIR_minmax,KernelPCA,cosine,SpectralClustering,16092001,0.873015873015873
NIR_minmax,KernelPCA,cosine,SpectralClustering,16092201,0.6896551724137931
NIR_minmax,KernelPCA,cosine,SpectralClustering,16092301,0.6779661016949152
NIR_minmax,KernelPCA,cosine,SpectralClustering,16092501,0.7432432432432432
NIR_minmax,KernelPCA,cosine,SpectralClustering,16092701,0.9722222222222222
NIR_minmax,KernelPCA,cosine,SpectralClustering,16092801,1.0
NIR_minmax,KernelPCA,cosine,SpectralClustering,16093001,0.7580645161290323
NIR_minmax,KernelPCA,cosine,SpectralClustering,16093201,0.7560975609756098
NIR_minmax,KernelPCA,cosine,SpectralClustering,16093301,0.8378378378378378
NIR_minmax,KernelPCA,cosine,SpectralClustering,16093501,0.9272727272727272
NIR_minmax,KernelPCA,cosine,SpectralClustering,16093601,0.92
NIR_minmax,KernelPCA,cosine,SpectralClustering,16093801,0.9295774647887324
NIR_minmax,KernelPCA,cosine,SpectralClustering,170101,0.7560975609756098
NIR_minmax,KernelPCA,cosine,SpectralClustering,170103,1.0
NIR_minmax,KernelPCA,cosine,SpectralClustering,170104,0.6349206349206349
NIR_minmax,KernelPCA,cosine,SpectralClustering,170108,1.0
NIR_minmax,KernelPCA,cosine,SpectralClustering,170110,0.5079365079365079
NIR_minmax,FactorAnalysis,default,AgglomerativeClustering,16090101,0.5882352941176471
NIR_minmax,FactorAnalysis,default,AgglomerativeClustering,16090401,1.0
NIR_minmax,FactorAnalysis,default,AgglomerativeClustering,16090601,0.9767441860465116
NIR_minmax,FactorAnalysis,default,AgglomerativeClustering,16091201,0.5277777777777778
NIR_minmax,FactorAnalysis,default,AgglomerativeClustering,16091301,0.7272727272727273
NIR_minmax,FactorAnalysis,default,AgglomerativeClustering,16092001,0.873015873015873
NIR_minmax,FactorAnalysis,default,AgglomerativeClustering,16092201,0.9655172413793104
NIR_minmax,FactorAnalysis,default,AgglomerativeClustering,16092301,1.0
NIR_minmax,FactorAnalysis,default,AgglomerativeClustering,16092501,0.7567567567567568
NIR_minmax,FactorAnalysis,default,AgglomerativeClustering,16092701,0.8333333333333334
NIR_minmax,FactorAnalysis,default,AgglomerativeClustering,16092801,0.88
NIR_minmax,FactorAnalysis,default,AgglomerativeClustering,16093001,0.7903225806451613
NIR_minmax,FactorAnalysis,default,AgglomerativeClustering,16093201,0.6829268292682927
NIR_minmax,FactorAnalysis,default,AgglomerativeClustering,16093301,1.0
NIR_minmax,FactorAnalysis,default,AgglomerativeClustering,16093501,0.9272727272727272
NIR_minmax,FactorAnalysis,default,AgglomerativeClustering,16093601,0.6799999999999999
NIR_minmax,FactorAnalysis,default,AgglomerativeClustering,16093801,0.5492957746478873
NIR_minmax,FactorAnalysis,default,AgglomerativeClustering,170101,0.5121951219512195
NIR_minmax,FactorAnalysis,default,AgglomerativeClustering,170103,0.5357142857142857
NIR_minmax,FactorAnalysis,default,AgglomerativeClustering,170104,1.0
NIR_minmax,FactorAnalysis,default,AgglomerativeClustering,170108,0.6666666666666667
NIR_minmax,FactorAnalysis,default,AgglomerativeClustering,170110,0.5873015873015873
NIR_minmax,FactorAnalysis,default,Birch,16090101,0.5882352941176471
NIR_minmax,FactorAnalysis,default,Birch,16090401,1.0
NIR_minmax,FactorAnalysis,default,Birch,16090601,0.9767441860465116
NIR_minmax,FactorAnalysis,default,Birch,16091201,0.5277777777777778
NIR_minmax,FactorAnalysis,default,Birch,16091301,0.7272727272727273
NIR_minmax,FactorAnalysis,default,Birch,16092001,0.9365079365079364
NIR_minmax,FactorAnalysis,default,Birch,16092201,0.9655172413793104
NIR_minmax,FactorAnalysis,default,Birch,16092301,1.0
NIR_minmax,FactorAnalysis,default,Birch,16092501,0.7567567567567568
NIR_minmax,FactorAnalysis,default,Birch,16092701,0.8333333333333334
NIR_minmax,FactorAnalysis,default,Birch,16092801,0.88
NIR_minmax,FactorAnalysis,default,Birch,16093001,0.7580645161290323
NIR_minmax,FactorAnalysis,default,Birch,16093201,0.6829268292682927
NIR_minmax,FactorAnalysis,default,Birch,16093301,1.0
NIR_minmax,FactorAnalysis,default,Birch,16093501,0.9272727272727272
NIR_minmax,FactorAnalysis,default,Birch,16093601,0.6799999999999999
NIR_minmax,FactorAnalysis,default,Birch,16093801,0.6338028169014085
NIR_minmax,FactorAnalysis,default,Birch,170101,0.5121951219512195
NIR_minmax,FactorAnalysis,default,Birch,170103,0.5357142857142857
NIR_minmax,FactorAnalysis,default,Birch,170104,1.0
NIR_minmax,FactorAnalysis,default,Birch,170108,0.6666666666666667
NIR_minmax,FactorAnalysis,default,Birch,170110,0.5873015873015873
NIR_minmax,FactorAnalysis,default,KMeans,16090101,0.6470588235294117
NIR_minmax,FactorAnalysis,default,KMeans,16090401,0.8
NIR_minmax,FactorAnalysis,default,KMeans,16090601,0.7209302325581395
NIR_minmax,FactorAnalysis,default,KMeans,16091201,0.6388888888888888
NIR_minmax,FactorAnalysis,default,KMeans,16091301,0.5227272727272727
NIR_minmax,FactorAnalysis,default,KMeans,16092001,0.7142857142857143
NIR_minmax,FactorAnalysis,default,KMeans,16092201,0.8448275862068966
NIR_minmax,FactorAnalysis,default,KMeans,16092301,0.8813559322033898
NIR_minmax,FactorAnalysis,default,KMeans,16092501,0.7027027027027026
NIR_minmax,FactorAnalysis,default,KMeans,16092701,0.8333333333333334
NIR_minmax,FactorAnalysis,default,KMeans,16092801,0.8200000000000001
NIR_minmax,FactorAnalysis,default,KMeans,16093001,0.7096774193548387
NIR_minmax,FactorAnalysis,default,KMeans,16093201,0.6829268292682927
NIR_minmax,FactorAnalysis,default,KMeans,16093301,0.5405405405405406
NIR_minmax,FactorAnalysis,default,KMeans,16093501,0.6
NIR_minmax,FactorAnalysis,default,KMeans,16093601,0.72
NIR_minmax,FactorAnalysis,default,KMeans,16093801,0.5915492957746479
NIR_minmax,FactorAnalysis,default,KMeans,170101,0.5609756097560976
NIR_minmax,FactorAnalysis,default,KMeans,170103,0.75
NIR_minmax,FactorAnalysis,default,KMeans,170104,0.7142857142857143
NIR_minmax,FactorAnalysis,default,KMeans,170108,0.6190476190476191
NIR_minmax,FactorAnalysis,default,KMeans,170110,0.746031746031746
NIR_minmax,FactorAnalysis,default,MiniBatchKMeans,16090101,0.7352941176470589
NIR_minmax,FactorAnalysis,default,MiniBatchKMeans,16090401,0.56
NIR_minmax,FactorAnalysis,default,MiniBatchKMeans,16090601,0.6046511627906976
NIR_minmax,FactorAnalysis,default,MiniBatchKMeans,16091201,0.7222222222222222
NIR_minmax,FactorAnalysis,default,MiniBatchKMeans,16091301,0.7954545454545454
NIR_minmax,FactorAnalysis,default,MiniBatchKMeans,16092001,0.6349206349206349
NIR_minmax,FactorAnalysis,default,MiniBatchKMeans,16092201,0.5862068965517242
NIR_minmax,FactorAnalysis,default,MiniBatchKMeans,16092301,0.6779661016949152
NIR_minmax,FactorAnalysis,default,MiniBatchKMeans,16092501,0.8243243243243243
NIR_minmax,FactorAnalysis,default,MiniBatchKMeans,16092701,0.6944444444444444
NIR_minmax,FactorAnalysis,default,MiniBatchKMeans,16092801,0.78
NIR_minmax,FactorAnalysis,default,MiniBatchKMeans,16093001,0.7580645161290323
NIR_minmax,FactorAnalysis,default,MiniBatchKMeans,16093201,0.6829268292682927
NIR_minmax,FactorAnalysis,default,MiniBatchKMeans,16093301,0.6756756756756757
NIR_minmax,FactorAnalysis,default,MiniBatchKMeans,16093501,0.7636363636363637
NIR_minmax,FactorAnalysis,default,MiniBatchKMeans,16093601,0.72
NIR_minmax,FactorAnalysis,default,MiniBatchKMeans,16093801,0.7605633802816901
NIR_minmax,FactorAnalysis,default,MiniBatchKMeans,170101,0.7317073170731707
NIR_minmax,FactorAnalysis,default,MiniBatchKMeans,170103,0.6428571428571429
NIR_minmax,FactorAnalysis,default,MiniBatchKMeans,170104,0.5396825396825397
NIR_minmax,FactorAnalysis,default,MiniBatchKMeans,170108,0.6190476190476191
NIR_minmax,FactorAnalysis,default,MiniBatchKMeans,170110,0.5079365079365079
NIR_minmax,FactorAnalysis,default,SpectralClustering,16090101,0.9705882352941176
NIR_minmax,FactorAnalysis,default,SpectralClustering,16090401,0.5866666666666667
NIR_minmax,FactorAnalysis,default,SpectralClustering,16090601,0.5813953488372093
NIR_minmax,FactorAnalysis,default,SpectralClustering,16091201,0.8611111111111112
NIR_minmax,FactorAnalysis,default,SpectralClustering,16091301,0.7045454545454546
NIR_minmax,FactorAnalysis,default,SpectralClustering,16092001,0.7619047619047619
NIR_minmax,FactorAnalysis,default,SpectralClustering,16092201,0.7586206896551724
NIR_minmax,FactorAnalysis,default,SpectralClustering,16092301,0.8135593220338984
NIR_minmax,FactorAnalysis,default,SpectralClustering,16092501,0.7432432432432432
NIR_minmax,FactorAnalysis,default,SpectralClustering,16092701,0.8888888888888888
NIR_minmax,FactorAnalysis,default,SpectralClustering,16092801,0.98
NIR_minmax,FactorAnalysis,default,SpectralClustering,16093001,0.6612903225806451
NIR_minmax,FactorAnalysis,default,SpectralClustering,16093201,0.7317073170731707
NIR_minmax,FactorAnalysis,default,SpectralClustering,16093301,0.6486486486486487
NIR_minmax,FactorAnalysis,default,SpectralClustering,16093501,0.5818181818181818
NIR_minmax,FactorAnalysis,default,SpectralClustering,16093601,0.84
NIR_minmax,FactorAnalysis,default,SpectralClustering,16093801,0.7887323943661972
NIR_minmax,FactorAnalysis,default,SpectralClustering,170101,0.5121951219512195
NIR_minmax,FactorAnalysis,default,SpectralClustering,170103,0.8928571428571429
NIR_minmax,FactorAnalysis,default,SpectralClustering,170104,1.0
NIR_minmax,FactorAnalysis,default,SpectralClustering,170108,0.8095238095238095
NIR_minmax,FactorAnalysis,default,SpectralClustering,170110,0.5238095238095238
NIR_minmax,FastICA,default,AgglomerativeClustering,16090101,0.9411764705882352
NIR_minmax,FastICA,default,AgglomerativeClustering,16090401,1.0
NIR_minmax,FastICA,default,AgglomerativeClustering,16090601,0.9767441860465116
NIR_minmax,FastICA,default,AgglomerativeClustering,16091201,0.7222222222222222
NIR_minmax,FastICA,default,AgglomerativeClustering,16091301,0.6590909090909092
NIR_minmax,FastICA,default,AgglomerativeClustering,16092001,0.6984126984126984
NIR_minmax,FastICA,default,AgglomerativeClustering,16092201,0.8103448275862069
NIR_minmax,FastICA,default,AgglomerativeClustering,16092301,0.9491525423728814
NIR_minmax,FastICA,default,AgglomerativeClustering,16092501,0.7567567567567568
NIR_minmax,FastICA,default,AgglomerativeClustering,16092701,0.8333333333333334
NIR_minmax,FastICA,default,AgglomerativeClustering,16092801,0.96
NIR_minmax,FastICA,default,AgglomerativeClustering,16093001,0.7741935483870968
NIR_minmax,FastICA,default,AgglomerativeClustering,16093201,0.6829268292682927
NIR_minmax,FastICA,default,AgglomerativeClustering,16093301,1.0
NIR_minmax,FastICA,default,AgglomerativeClustering,16093501,0.9272727272727272
NIR_minmax,FastICA,default,AgglomerativeClustering,16093601,0.92
NIR_minmax,FastICA,default,AgglomerativeClustering,16093801,0.6619718309859155
NIR_minmax,FastICA,default,AgglomerativeClustering,170101,0.5121951219512195
NIR_minmax,FastICA,default,AgglomerativeClustering,170103,0.6785714285714286
NIR_minmax,FastICA,default,AgglomerativeClustering,170104,1.0
NIR_minmax,FastICA,default,AgglomerativeClustering,170108,0.7142857142857143
NIR_minmax,FastICA,default,AgglomerativeClustering,170110,0.5079365079365079
NIR_minmax,FastICA,default,Birch,16090101,0.6470588235294118
NIR_minmax,FastICA,default,Birch,16090401,0.6266666666666667
NIR_minmax,FastICA,default,Birch,16090601,0.5581395348837209
NIR_minmax,FastICA,default,Birch,16091201,0.7222222222222222
NIR_minmax,FastICA,default,Birch,16091301,0.7272727272727273
NIR_minmax,FastICA,default,Birch,16092001,0.6507936507936508
NIR_minmax,FastICA,default,Birch,16092201,0.7241379310344828
NIR_minmax,FastICA,default,Birch,16092301,0.7796610169491526
NIR_minmax,FastICA,default,Birch,16092501,0.6891891891891891
NIR_minmax,FastICA,default,Birch,16092701,0.8333333333333334
NIR_minmax,FastICA,default,Birch,16092801,0.72
NIR_minmax,FastICA,default,Birch,16093001,0.6129032258064516
NIR_minmax,FastICA,default,Birch,16093201,0.6829268292682927
NIR_minmax,FastICA,default,Birch,16093301,0.6486486486486487
NIR_minmax,FastICA,default,Birch,16093501,0.6363636363636364
NIR_minmax,FastICA,default,Birch,16093601,0.72
NIR_minmax,FastICA,default,Birch,16093801,0.8169014084507042
NIR_minmax,FastICA,default,Birch,170101,0.5121951219512195
NIR_minmax,FastICA,default,Birch,170103,0.6071428571428571
NIR_minmax,FastICA,default,Birch,170104,0.8095238095238095
NIR_minmax,FastICA,default,Birch,170108,0.7619047619047619
NIR_minmax,FastICA,default,Birch,170110,0.6190476190476191
NIR_minmax,FastICA,default,KMeans,16090101,0.5882352941176471
NIR_minmax,FastICA,default,KMeans,16090401,0.68
NIR_minmax,FastICA,default,KMeans,16090601,0.7674418604651163
NIR_minmax,FastICA,default,KMeans,16091201,0.7222222222222222
NIR_minmax,FastICA,default,KMeans,16091301,0.7272727272727273
NIR_minmax,FastICA,default,KMeans,16092001,0.7619047619047619
NIR_minmax,FastICA,default,KMeans,16092201,0.7931034482758621
NIR_minmax,FastICA,default,KMeans,16092301,0.847457627118644
NIR_minmax,FastICA,default,KMeans,16092501,0.7432432432432432
NIR_minmax,FastICA,default,KMeans,16092701,0.8333333333333334
NIR_minmax,FastICA,default,KMeans,16092801,0.64
NIR_minmax,FastICA,default,KMeans,16093001,0.7096774193548387
NIR_minmax,FastICA,default,KMeans,16093201,0.5121951219512195
NIR_minmax,FastICA,default,KMeans,16093301,0.6486486486486487
NIR_minmax,FastICA,default,KMeans,16093501,0.5272727272727273
NIR_minmax,FastICA,default,KMeans,16093601,0.72
NIR_minmax,FastICA,default,KMeans,16093801,0.7605633802816901
NIR_minmax,FastICA,default,KMeans,170101,0.5121951219512195
NIR_minmax,FastICA,default,KMeans,170103,0.75
NIR_minmax,FastICA,default,KMeans,170104,0.6349206349206349
NIR_minmax,FastICA,default,KMeans,170108,0.7142857142857143
NIR_minmax,FastICA,default,KMeans,170110,0.8253968253968254
NIR_minmax,FastICA,default,MiniBatchKMeans,16090101,0.7352941176470589
NIR_minmax,FastICA,default,MiniBatchKMeans,16090401,0.8
NIR_minmax,FastICA,default,MiniBatchKMeans,16090601,0.5116279069767442
NIR_minmax,FastICA,default,MiniBatchKMeans,16091201,0.5833333333333333
NIR_minmax,FastICA,default,MiniBatchKMeans,16091301,0.75
NIR_minmax,FastICA,default,MiniBatchKMeans,16092001,0.5396825396825398
NIR_minmax,FastICA,default,MiniBatchKMeans,16092201,0.6896551724137931
NIR_minmax,FastICA,default,MiniBatchKMeans,16092301,0.8135593220338984
NIR_minmax,FastICA,default,MiniBatchKMeans,16092501,0.7027027027027026
NIR_minmax,FastICA,default,MiniBatchKMeans,16092701,0.7222222222222222
NIR_minmax,FastICA,default,MiniBatchKMeans,16092801,0.78
NIR_minmax,FastICA,default,MiniBatchKMeans,16093001,0.532258064516129
NIR_minmax,FastICA,default,MiniBatchKMeans,16093201,0.5365853658536586
NIR_minmax,FastICA,default,MiniBatchKMeans,16093301,0.5135135135135135
NIR_minmax,FastICA,default,MiniBatchKMeans,16093501,0.5818181818181818
NIR_minmax,FastICA,default,MiniBatchKMeans,16093601,0.72
NIR_minmax,FastICA,default,MiniBatchKMeans,16093801,0.8450704225352113
NIR_minmax,FastICA,default,MiniBatchKMeans,170101,0.8292682926829268
NIR_minmax,FastICA,default,MiniBatchKMeans,170103,0.6785714285714286
NIR_minmax,FastICA,default,MiniBatchKMeans,170104,0.8412698412698413
NIR_minmax,FastICA,default,MiniBatchKMeans,170108,0.5714285714285714
NIR_minmax,FastICA,default,MiniBatchKMeans,170110,0.5714285714285714
NIR_minmax,FastICA,default,SpectralClustering,16090101,0.9705882352941176
NIR_minmax,FastICA,default,SpectralClustering,16090401,0.9733333333333334
NIR_minmax,FastICA,default,SpectralClustering,16090601,0.7209302325581395
NIR_minmax,FastICA,default,SpectralClustering,16091201,0.5833333333333334
NIR_minmax,FastICA,default,SpectralClustering,16091301,0.7727272727272727
NIR_minmax,FastICA,default,SpectralClustering,16092001,0.5555555555555556
NIR_minmax,FastICA,default,SpectralClustering,16092201,0.5
NIR_minmax,FastICA,default,SpectralClustering,16092301,0.5084745762711864
NIR_minmax,FastICA,default,SpectralClustering,16092501,0.6351351351351351
NIR_minmax,FastICA,default,SpectralClustering,16092701,0.6111111111111112
NIR_minmax,FastICA,default,SpectralClustering,16092801,0.96
NIR_minmax,FastICA,default,SpectralClustering,16093001,0.7258064516129032
NIR_minmax,FastICA,default,SpectralClustering,16093201,0.5121951219512195
NIR_minmax,FastICA,default,SpectralClustering,16093301,0.5135135135135135
NIR_minmax,FastICA,default,SpectralClustering,16093501,0.8909090909090909
NIR_minmax,FastICA,default,SpectralClustering,16093601,0.6
NIR_minmax,FastICA,default,SpectralClustering,16093801,0.5070422535211268
NIR_minmax,FastICA,default,SpectralClustering,170101,0.902439024390244
NIR_minmax,FastICA,default,SpectralClustering,170103,0.75
NIR_minmax,FastICA,default,SpectralClustering,170104,0.5079365079365079
NIR_minmax,FastICA,default,SpectralClustering,170108,0.6190476190476191
NIR_minmax,FastICA,default,SpectralClustering,170110,0.8253968253968254
NIR_minmax,IncrementalPCA,default,AgglomerativeClustering,16090101,0.8235294117647058
NIR_minmax,IncrementalPCA,default,AgglomerativeClustering,16090401,0.8533333333333333
NIR_minmax,IncrementalPCA,default,AgglomerativeClustering,16090601,0.9069767441860463
NIR_minmax,IncrementalPCA,default,AgglomerativeClustering,16091201,0.9444444444444444
NIR_minmax,IncrementalPCA,default,AgglomerativeClustering,16091301,0.6590909090909091
NIR_minmax,IncrementalPCA,default,AgglomerativeClustering,16092001,0.8253968253968254
NIR_minmax,IncrementalPCA,default,AgglomerativeClustering,16092201,0.7586206896551724
NIR_minmax,IncrementalPCA,default,AgglomerativeClustering,16092301,0.576271186440678
NIR_minmax,IncrementalPCA,default,AgglomerativeClustering,16092501,0.7432432432432432
NIR_minmax,IncrementalPCA,default,AgglomerativeClustering,16092701,1.0
NIR_minmax,IncrementalPCA,default,AgglomerativeClustering,16092801,0.5
NIR_minmax,IncrementalPCA,default,AgglomerativeClustering,16093001,0.5161290322580645
NIR_minmax,IncrementalPCA,default,AgglomerativeClustering,16093201,0.7073170731707317
NIR_minmax,IncrementalPCA,default,AgglomerativeClustering,16093301,0.7837837837837838
NIR_minmax,IncrementalPCA,default,AgglomerativeClustering,16093501,0.9090909090909092
NIR_minmax,IncrementalPCA,default,AgglomerativeClustering,16093601,0.92
NIR_minmax,IncrementalPCA,default,AgglomerativeClustering,16093801,0.8873239436619719
NIR_minmax,IncrementalPCA,default,AgglomerativeClustering,170101,0.6097560975609756
NIR_minmax,IncrementalPCA,default,AgglomerativeClustering,170103,1.0
NIR_minmax,IncrementalPCA,default,AgglomerativeClustering,170104,0.8095238095238095
NIR_minmax,IncrementalPCA,default,AgglomerativeClustering,170108,1.0
NIR_minmax,IncrementalPCA,default,AgglomerativeClustering,170110,0.5396825396825398
NIR_minmax,IncrementalPCA,default,Birch,16090101,0.9117647058823528
NIR_minmax,IncrementalPCA,default,Birch,16090401,0.64
NIR_minmax,IncrementalPCA,default,Birch,16090601,0.8837209302325582
NIR_minmax,IncrementalPCA,default,Birch,16091201,0.8611111111111112
NIR_minmax,IncrementalPCA,default,Birch,16091301,0.6590909090909091
NIR_minmax,IncrementalPCA,default,Birch,16092001,0.8253968253968254
NIR_minmax,IncrementalPCA,default,Birch,16092201,0.5689655172413793
NIR_minmax,IncrementalPCA,default,Birch,16092301,0.576271186440678
NIR_minmax,IncrementalPCA,default,Birch,16092501,0.7432432432432432
NIR_minmax,IncrementalPCA,default,Birch,16092701,1.0
NIR_minmax,IncrementalPCA,default,Birch,16092801,0.6599999999999999
NIR_minmax,IncrementalPCA,default,Birch,16093001,0.564516129032258
NIR_minmax,IncrementalPCA,default,Birch,16093201,0.7804878048780488
NIR_minmax,IncrementalPCA,default,Birch,16093301,0.7837837837837838
NIR_minmax,IncrementalPCA,default,Birch,16093501,0.9636363636363636
NIR_minmax,IncrementalPCA,default,Birch,16093601,0.92
NIR_minmax,IncrementalPCA,default,Birch,16093801,0.8873239436619719
NIR_minmax,IncrementalPCA,default,Birch,170101,0.5121951219512195
NIR_minmax,IncrementalPCA,default,Birch,170103,1.0
NIR_minmax,IncrementalPCA,default,Birch,170104,0.6031746031746033
NIR_minmax,IncrementalPCA,default,Birch,170108,0.8571428571428571
NIR_minmax,IncrementalPCA,default,Birch,170110,0.5396825396825398
NIR_minmax,IncrementalPCA,default,KMeans,16090101,0.8823529411764706
NIR_minmax,IncrementalPCA,default,KMeans,16090401,0.8933333333333333
NIR_minmax,IncrementalPCA,default,KMeans,16090601,1.0
NIR_minmax,IncrementalPCA,default,KMeans,16091201,0.9166666666666666
NIR_minmax,IncrementalPCA,default,KMeans,16091301,0.6590909090909092
NIR_minmax,IncrementalPCA,default,KMeans,16092001,0.873015873015873
NIR_minmax,IncrementalPCA,default,KMeans,16092201,0.5862068965517242
NIR_minmax,IncrementalPCA,default,KMeans,16092301,0.6271186440677966
NIR_minmax,IncrementalPCA,default,KMeans,16092501,0.7432432432432432
NIR_minmax,IncrementalPCA,default,KMeans,16092701,0.9444444444444444
NIR_minmax,IncrementalPCA,default,KMeans,16092801,0.62
NIR_minmax,IncrementalPCA,default,KMeans,16093001,0.532258064516129
NIR_minmax,IncrementalPCA,default,KMeans,16093201,0.7073170731707317
NIR_minmax,IncrementalPCA,default,KMeans,16093301,0.8108108108108109
NIR_minmax,IncrementalPCA,default,KMeans,16093501,0.9272727272727272
NIR_minmax,IncrementalPCA,default,KMeans,16093601,0.96
NIR_minmax,IncrementalPCA,default,KMeans,16093801,0.971830985915493
NIR_minmax,IncrementalPCA,default,KMeans,170101,0.6341463414634146
NIR_minmax,IncrementalPCA,default,KMeans,170103,1.0
NIR_minmax,IncrementalPCA,default,KMeans,170104,0.6349206349206349
NIR_minmax,IncrementalPCA,default,KMeans,170108,0.8571428571428571
NIR_minmax,IncrementalPCA,default,KMeans,170110,0.5396825396825397
NIR_minmax,IncrementalPCA,default,MiniBatchKMeans,16090101,0.8823529411764706
NIR_minmax,IncrementalPCA,default,MiniBatchKMeans,16090401,0.8933333333333333
NIR_minmax,IncrementalPCA,default,MiniBatchKMeans,16090601,1.0
NIR_minmax,IncrementalPCA,default,MiniBatchKMeans,16091201,0.9444444444444444
NIR_minmax,IncrementalPCA,default,MiniBatchKMeans,16091301,0.6590909090909092
NIR_minmax,IncrementalPCA,default,MiniBatchKMeans,16092001,0.873015873015873
NIR_minmax,IncrementalPCA,default,MiniBatchKMeans,16092201,0.5862068965517241
NIR_minmax,IncrementalPCA,default,MiniBatchKMeans,16092301,0.6271186440677966
NIR_minmax,IncrementalPCA,default,MiniBatchKMeans,16092501,0.7432432432432432
NIR_minmax,IncrementalPCA,default,MiniBatchKMeans,16092701,0.9444444444444444
NIR_minmax,IncrementalPCA,default,MiniBatchKMeans,16092801,0.76
NIR_minmax,IncrementalPCA,default,MiniBatchKMeans,16093001,0.532258064516129
NIR_minmax,IncrementalPCA,default,MiniBatchKMeans,16093201,0.7317073170731707
NIR_minmax,IncrementalPCA,default,MiniBatchKMeans,16093301,0.8108108108108109
NIR_minmax,IncrementalPCA,default,MiniBatchKMeans,16093501,0.9272727272727272
NIR_minmax,IncrementalPCA,default,MiniBatchKMeans,16093601,0.96
NIR_minmax,IncrementalPCA,default,MiniBatchKMeans,16093801,0.943661971830986
NIR_minmax,IncrementalPCA,default,MiniBatchKMeans,170101,0.5121951219512195
NIR_minmax,IncrementalPCA,default,MiniBatchKMeans,170103,1.0
NIR_minmax,IncrementalPCA,default,MiniBatchKMeans,170104,0.6031746031746031
NIR_minmax,IncrementalPCA,default,MiniBatchKMeans,170108,0.8571428571428572
NIR_minmax,IncrementalPCA,default,MiniBatchKMeans,170110,0.5238095238095238
NIR_minmax,IncrementalPCA,default,SpectralClustering,16090101,0.9117647058823528
NIR_minmax,IncrementalPCA,default,SpectralClustering,16090401,0.9866666666666668
NIR_minmax,IncrementalPCA,default,SpectralClustering,16090601,1.0
NIR_minmax,IncrementalPCA,default,SpectralClustering,16091201,0.8611111111111112
NIR_minmax,IncrementalPCA,default,SpectralClustering,16091301,0.6590909090909091
NIR_minmax,IncrementalPCA,default,SpectralClustering,16092001,0.8253968253968254
NIR_minmax,IncrementalPCA,default,SpectralClustering,16092201,0.6896551724137931
NIR_minmax,IncrementalPCA,default,SpectralClustering,16092301,0.711864406779661
NIR_minmax,IncrementalPCA,default,SpectralClustering,16092501,0.7297297297297297
NIR_minmax,IncrementalPCA,default,SpectralClustering,16092701,1.0
NIR_minmax,IncrementalPCA,default,SpectralClustering,16092801,0.74
NIR_minmax,IncrementalPCA,default,SpectralClustering,16093001,0.5483870967741935
NIR_minmax,IncrementalPCA,default,SpectralClustering,16093201,0.7560975609756098
NIR_minmax,IncrementalPCA,default,SpectralClustering,16093301,0.6756756756756757
NIR_minmax,IncrementalPCA,default,SpectralClustering,16093501,0.9272727272727272
NIR_minmax,IncrementalPCA,default,SpectralClustering,16093601,1.0
NIR_minmax,IncrementalPCA,default,SpectralClustering,16093801,0.9859154929577464
NIR_minmax,IncrementalPCA,default,SpectralClustering,170101,0.5365853658536586
NIR_minmax,IncrementalPCA,default,SpectralClustering,170103,1.0
NIR_minmax,IncrementalPCA,default,SpectralClustering,170104,0.6825396825396826
NIR_minmax,IncrementalPCA,default,SpectralClustering,170108,1.0
NIR_minmax,IncrementalPCA,default,SpectralClustering,170110,0.5238095238095238
NIR_minmax,PCA,default,AgglomerativeClustering,16090101,0.8235294117647058
NIR_minmax,PCA,default,AgglomerativeClustering,16090401,0.8533333333333333
NIR_minmax,PCA,default,AgglomerativeClustering,16090601,0.9069767441860463
NIR_minmax,PCA,default,AgglomerativeClustering,16091201,0.9444444444444444
NIR_minmax,PCA,default,AgglomerativeClustering,16091301,0.6590909090909091
NIR_minmax,PCA,default,AgglomerativeClustering,16092001,0.8253968253968254
NIR_minmax,PCA,default,AgglomerativeClustering,16092201,0.7586206896551724
NIR_minmax,PCA,default,AgglomerativeClustering,16092301,0.576271186440678
NIR_minmax,PCA,default,AgglomerativeClustering,16092501,0.7432432432432432
NIR_minmax,PCA,default,AgglomerativeClustering,16092701,1.0
NIR_minmax,PCA,default,AgglomerativeClustering,16092801,0.5
NIR_minmax,PCA,default,AgglomerativeClustering,16093001,0.5161290322580645
NIR_minmax,PCA,default,AgglomerativeClustering,16093201,0.7073170731707317
NIR_minmax,PCA,default,AgglomerativeClustering,16093301,0.7837837837837838
NIR_minmax,PCA,default,AgglomerativeClustering,16093501,0.9090909090909092
NIR_minmax,PCA,default,AgglomerativeClustering,16093601,0.92
NIR_minmax,PCA,default,AgglomerativeClustering,16093801,0.8873239436619719
NIR_minmax,PCA,default,AgglomerativeClustering,170101,0.6097560975609756
NIR_minmax,PCA,default,AgglomerativeClustering,170103,1.0
NIR_minmax,PCA,default,AgglomerativeClustering,170104,0.8095238095238095
NIR_minmax,PCA,default,AgglomerativeClustering,170108,1.0
NIR_minmax,PCA,default,AgglomerativeClustering,170110,0.5396825396825398
NIR_minmax,PCA,default,Birch,16090101,0.9117647058823528
NIR_minmax,PCA,default,Birch,16090401,0.64
NIR_minmax,PCA,default,Birch,16090601,0.8837209302325582
NIR_minmax,PCA,default,Birch,16091201,0.8611111111111112
NIR_minmax,PCA,default,Birch,16091301,0.6590909090909091
NIR_minmax,PCA,default,Birch,16092001,0.8253968253968254
NIR_minmax,PCA,default,Birch,16092201,0.5689655172413793
NIR_minmax,PCA,default,Birch,16092301,0.576271186440678
NIR_minmax,PCA,default,Birch,16092501,0.7432432432432432
NIR_minmax,PCA,default,Birch,16092701,1.0
NIR_minmax,PCA,default,Birch,16092801,0.6599999999999999
NIR_minmax,PCA,default,Birch,16093001,0.564516129032258
NIR_minmax,PCA,default,Birch,16093201,0.7804878048780488
NIR_minmax,PCA,default,Birch,16093301,0.7837837837837838
NIR_minmax,PCA,default,Birch,16093501,0.9636363636363636
NIR_minmax,PCA,default,Birch,16093601,0.92
NIR_minmax,PCA,default,Birch,16093801,0.8873239436619719
NIR_minmax,PCA,default,Birch,170101,0.5121951219512195
NIR_minmax,PCA,default,Birch,170103,1.0
NIR_minmax,PCA,default,Birch,170104,0.6031746031746033
NIR_minmax,PCA,default,Birch,170108,0.8571428571428571
NIR_minmax,PCA,default,Birch,170110,0.5396825396825398
NIR_minmax,PCA,default,KMeans,16090101,0.8823529411764706
NIR_minmax,PCA,default,KMeans,16090401,0.8933333333333333
NIR_minmax,PCA,default,KMeans,16090601,1.0
NIR_minmax,PCA,default,KMeans,16091201,0.9166666666666666
NIR_minmax,PCA,default,KMeans,16091301,0.6590909090909091
NIR_minmax,PCA,default,KMeans,16092001,0.873015873015873
NIR_minmax,PCA,default,KMeans,16092201,0.5862068965517242
NIR_minmax,PCA,default,KMeans,16092301,0.6271186440677966
NIR_minmax,PCA,default,KMeans,16092501,0.7432432432432432
NIR_minmax,PCA,default,KMeans,16092701,0.9444444444444444
NIR_minmax,PCA,default,KMeans,16092801,0.68
NIR_minmax,PCA,default,KMeans,16093001,0.532258064516129
NIR_minmax,PCA,default,KMeans,16093201,0.7317073170731707
NIR_minmax,PCA,default,KMeans,16093301,0.8108108108108109
NIR_minmax,PCA,default,KMeans,16093501,0.9272727272727272
NIR_minmax,PCA,default,KMeans,16093601,0.96
NIR_minmax,PCA,default,KMeans,16093801,0.971830985915493
NIR_minmax,PCA,default,KMeans,170101,0.6341463414634146
NIR_minmax,PCA,default,KMeans,170103,1.0
NIR_minmax,PCA,default,KMeans,170104,0.6349206349206349
NIR_minmax,PCA,default,KMeans,170108,0.8571428571428571
NIR_minmax,PCA,default,KMeans,170110,0.5396825396825398
NIR_minmax,PCA,default,MiniBatchKMeans,16090101,0.8823529411764706
NIR_minmax,PCA,default,MiniBatchKMeans,16090401,0.8933333333333333
NIR_minmax,PCA,default,MiniBatchKMeans,16090601,1.0
NIR_minmax,PCA,default,MiniBatchKMeans,16091201,0.9722222222222222
NIR_minmax,PCA,default,MiniBatchKMeans,16091301,0.6590909090909091
NIR_minmax,PCA,default,MiniBatchKMeans,16092001,0.8571428571428571
NIR_minmax,PCA,default,MiniBatchKMeans,16092201,0.6724137931034483
NIR_minmax,PCA,default,MiniBatchKMeans,16092301,0.6271186440677966
NIR_minmax,PCA,default,MiniBatchKMeans,16092501,0.7432432432432432
NIR_minmax,PCA,default,MiniBatchKMeans,16092701,1.0
NIR_minmax,PCA,default,MiniBatchKMeans,16092801,0.82
NIR_minmax,PCA,default,MiniBatchKMeans,16093001,0.5161290322580645
NIR_minmax,PCA,default,MiniBatchKMeans,16093201,0.7317073170731707
NIR_minmax,PCA,default,MiniBatchKMeans,16093301,0.8108108108108107
NIR_minmax,PCA,default,MiniBatchKMeans,16093501,0.9272727272727272
NIR_minmax,PCA,default,MiniBatchKMeans,16093601,0.96
NIR_minmax,PCA,default,MiniBatchKMeans,16093801,0.971830985915493
NIR_minmax,PCA,default,MiniBatchKMeans,170101,0.6341463414634146
NIR_minmax,PCA,default,MiniBatchKMeans,170103,1.0
NIR_minmax,PCA,default,MiniBatchKMeans,170104,0.6349206349206349
NIR_minmax,PCA,default,MiniBatchKMeans,170108,0.8571428571428572
NIR_minmax,PCA,default,MiniBatchKMeans,170110,0.6190476190476191
NIR_minmax,PCA,default,SpectralClustering,16090101,0.9117647058823528
NIR_minmax,PCA,default,SpectralClustering,16090401,0.9866666666666668
NIR_minmax,PCA,default,SpectralClustering,16090601,1.0
NIR_minmax,PCA,default,SpectralClustering,16091201,0.8611111111111112
NIR_minmax,PCA,default,SpectralClustering,16091301,0.6590909090909091
NIR_minmax,PCA,default,SpectralClustering,16092001,0.8253968253968254
NIR_minmax,PCA,default,SpectralClustering,16092201,0.6896551724137931
NIR_minmax,PCA,default,SpectralClustering,16092301,0.711864406779661
NIR_minmax,PCA,default,SpectralClustering,16092501,0.7297297297297297
NIR_minmax,PCA,default,SpectralClustering,16092701,1.0
NIR_minmax,PCA,default,SpectralClustering,16092801,0.74
NIR_minmax,PCA,default,SpectralClustering,16093001,0.5483870967741935
NIR_minmax,PCA,default,SpectralClustering,16093201,0.7560975609756098
NIR_minmax,PCA,default,SpectralClustering,16093301,0.6756756756756757
NIR_minmax,PCA,default,SpectralClustering,16093501,0.9272727272727272
NIR_minmax,PCA,default,SpectralClustering,16093601,1.0
NIR_minmax,PCA,default,SpectralClustering,16093801,0.9859154929577464
NIR_minmax,PCA,default,SpectralClustering,170101,0.5365853658536586
NIR_minmax,PCA,default,SpectralClustering,170103,1.0
NIR_minmax,PCA,default,SpectralClustering,170104,0.6825396825396826
NIR_minmax,PCA,default,SpectralClustering,170108,1.0
NIR_minmax,PCA,default,SpectralClustering,170110,0.5238095238095238
NIR_minmax,TruncatedSVD,default,AgglomerativeClustering,16090101,0.8235294117647058
NIR_minmax,TruncatedSVD,default,AgglomerativeClustering,16090401,0.8533333333333333
NIR_minmax,TruncatedSVD,default,AgglomerativeClustering,16090601,0.9069767441860463
NIR_minmax,TruncatedSVD,default,AgglomerativeClustering,16091201,0.9444444444444444
NIR_minmax,TruncatedSVD,default,AgglomerativeClustering,16091301,0.6590909090909091
NIR_minmax,TruncatedSVD,default,AgglomerativeClustering,16092001,0.9365079365079364
NIR_minmax,TruncatedSVD,default,AgglomerativeClustering,16092201,0.7586206896551724
NIR_minmax,TruncatedSVD,default,AgglomerativeClustering,16092301,0.576271186440678
NIR_minmax,TruncatedSVD,default,AgglomerativeClustering,16092501,0.7432432432432432
NIR_minmax,TruncatedSVD,default,AgglomerativeClustering,16092701,1.0
NIR_minmax,TruncatedSVD,default,AgglomerativeClustering,16092801,0.5
NIR_minmax,TruncatedSVD,default,AgglomerativeClustering,16093001,0.5161290322580645
NIR_minmax,TruncatedSVD,default,AgglomerativeClustering,16093201,0.7073170731707317
NIR_minmax,TruncatedSVD,default,AgglomerativeClustering,16093301,0.7837837837837838
NIR_minmax,TruncatedSVD,default,AgglomerativeClustering,16093501,0.9090909090909092
NIR_minmax,TruncatedSVD,default,AgglomerativeClustering,16093601,0.92
NIR_minmax,TruncatedSVD,default,AgglomerativeClustering,16093801,0.8873239436619719
NIR_minmax,TruncatedSVD,default,AgglomerativeClustering,170101,0.6097560975609756
NIR_minmax,TruncatedSVD,default,AgglomerativeClustering,170103,1.0
NIR_minmax,TruncatedSVD,default,AgglomerativeClustering,170104,0.8095238095238095
NIR_minmax,TruncatedSVD,default,AgglomerativeClustering,170108,1.0
NIR_minmax,TruncatedSVD,default,AgglomerativeClustering,170110,0.5396825396825398
NIR_minmax,TruncatedSVD,default,Birch,16090101,0.9117647058823528
NIR_minmax,TruncatedSVD,default,Birch,16090401,0.64
NIR_minmax,TruncatedSVD,default,Birch,16090601,0.8837209302325582
NIR_minmax,TruncatedSVD,default,Birch,16091201,0.8611111111111112
NIR_minmax,TruncatedSVD,default,Birch,16091301,0.6590909090909091
NIR_minmax,TruncatedSVD,default,Birch,16092001,0.8095238095238095
NIR_minmax,TruncatedSVD,default,Birch,16092201,0.5689655172413793
NIR_minmax,TruncatedSVD,default,Birch,16092301,0.576271186440678
NIR_minmax,TruncatedSVD,default,Birch,16092501,0.7432432432432432
NIR_minmax,TruncatedSVD,default,Birch,16092701,0.8055555555555556
NIR_minmax,TruncatedSVD,default,Birch,16092801,0.6599999999999999
NIR_minmax,TruncatedSVD,default,Birch,16093001,0.564516129032258
NIR_minmax,TruncatedSVD,default,Birch,16093201,0.7804878048780488
NIR_minmax,TruncatedSVD,default,Birch,16093301,0.7837837837837838
NIR_minmax,TruncatedSVD,default,Birch,16093501,0.9636363636363636
NIR_minmax,TruncatedSVD,default,Birch,16093601,0.92
NIR_minmax,TruncatedSVD,default,Birch,16093801,0.8873239436619719
NIR_minmax,TruncatedSVD,default,Birch,170101,0.5121951219512195
NIR_minmax,TruncatedSVD,default,Birch,170103,1.0
NIR_minmax,TruncatedSVD,default,Birch,170104,0.6031746031746033
NIR_minmax,TruncatedSVD,default,Birch,170108,0.8571428571428571
NIR_minmax,TruncatedSVD,default,Birch,170110,0.5396825396825398
NIR_minmax,TruncatedSVD,default,KMeans,16090101,0.8823529411764706
NIR_minmax,TruncatedSVD,default,KMeans,16090401,0.8933333333333333
NIR_minmax,TruncatedSVD,default,KMeans,16090601,1.0
NIR_minmax,TruncatedSVD,default,KMeans,16091201,0.9444444444444444
NIR_minmax,TruncatedSVD,default,KMeans,16091301,0.6590909090909092
NIR_minmax,TruncatedSVD,default,KMeans,16092001,0.873015873015873
NIR_minmax,TruncatedSVD,default,KMeans,16092201,0.5862068965517242
NIR_minmax,TruncatedSVD,default,KMeans,16092301,0.6440677966101696
NIR_minmax,TruncatedSVD,default,KMeans,16092501,0.7432432432432432
NIR_minmax,TruncatedSVD,default,KMeans,16092701,0.9444444444444444
NIR_minmax,TruncatedSVD,default,KMeans,16092801,0.68
NIR_minmax,TruncatedSVD,default,KMeans,16093001,0.532258064516129
NIR_minmax,TruncatedSVD,default,KMeans,16093201,0.7317073170731707
NIR_minmax,TruncatedSVD,default,KMeans,16093301,0.8108108108108109
NIR_minmax,TruncatedSVD,default,KMeans,16093501,0.9272727272727272
NIR_minmax,TruncatedSVD,default,KMeans,16093601,0.96
NIR_minmax,TruncatedSVD,default,KMeans,16093801,0.971830985915493
NIR_minmax,TruncatedSVD,default,KMeans,170101,0.6341463414634146
NIR_minmax,TruncatedSVD,default,KMeans,170103,1.0
NIR_minmax,TruncatedSVD,default,KMeans,170104,0.6349206349206349
NIR_minmax,TruncatedSVD,default,KMeans,170108,0.8571428571428571
NIR_minmax,TruncatedSVD,default,KMeans,170110,0.5396825396825397
NIR_minmax,TruncatedSVD,default,MiniBatchKMeans,16090101,0.8823529411764706
NIR_minmax,TruncatedSVD,default,MiniBatchKMeans,16090401,0.8933333333333333
NIR_minmax,TruncatedSVD,default,MiniBatchKMeans,16090601,0.9767441860465116
NIR_minmax,TruncatedSVD,default,MiniBatchKMeans,16091201,0.9444444444444444
NIR_minmax,TruncatedSVD,default,MiniBatchKMeans,16091301,0.6590909090909092
NIR_minmax,TruncatedSVD,default,MiniBatchKMeans,16092001,0.873015873015873
NIR_minmax,TruncatedSVD,default,MiniBatchKMeans,16092201,0.6896551724137931
NIR_minmax,TruncatedSVD,default,MiniBatchKMeans,16092301,0.5932203389830508
NIR_minmax,TruncatedSVD,default,MiniBatchKMeans,16092501,0.527027027027027
NIR_minmax,TruncatedSVD,default,MiniBatchKMeans,16092701,0.9722222222222222
NIR_minmax,TruncatedSVD,default,MiniBatchKMeans,16092801,0.76
NIR_minmax,TruncatedSVD,default,MiniBatchKMeans,16093001,0.532258064516129
NIR_minmax,TruncatedSVD,default,MiniBatchKMeans,16093201,0.7073170731707317
NIR_minmax,TruncatedSVD,default,MiniBatchKMeans,16093301,0.8108108108108109
NIR_minmax,TruncatedSVD,default,MiniBatchKMeans,16093501,0.9272727272727272
NIR_minmax,TruncatedSVD,default,MiniBatchKMeans,16093601,0.96
NIR_minmax,TruncatedSVD,default,MiniBatchKMeans,16093801,0.971830985915493
NIR_minmax,TruncatedSVD,default,MiniBatchKMeans,170101,0.6829268292682926
NIR_minmax,TruncatedSVD,default,MiniBatchKMeans,170103,1.0
NIR_minmax,TruncatedSVD,default,MiniBatchKMeans,170104,0.6031746031746033
NIR_minmax,TruncatedSVD,default,MiniBatchKMeans,170108,0.8571428571428572
NIR_minmax,TruncatedSVD,default,MiniBatchKMeans,170110,0.5238095238095238
NIR_minmax,TruncatedSVD,default,SpectralClustering,16090101,0.9117647058823528
NIR_minmax,TruncatedSVD,default,SpectralClustering,16090401,0.9866666666666668
NIR_minmax,TruncatedSVD,default,SpectralClustering,16090601,1.0
NIR_minmax,TruncatedSVD,default,SpectralClustering,16091201,0.8611111111111112
NIR_minmax,TruncatedSVD,default,SpectralClustering,16091301,0.6590909090909092
NIR_minmax,TruncatedSVD,default,SpectralClustering,16092001,0.8253968253968254
NIR_minmax,TruncatedSVD,default,SpectralClustering,16092201,0.6896551724137931
NIR_minmax,TruncatedSVD,default,SpectralClustering,16092301,0.711864406779661
NIR_minmax,TruncatedSVD,default,SpectralClustering,16092501,0.7297297297297297
NIR_minmax,TruncatedSVD,default,SpectralClustering,16092701,1.0
NIR_minmax,TruncatedSVD,default,SpectralClustering,16092801,0.74
NIR_minmax,TruncatedSVD,default,SpectralClustering,16093001,0.5483870967741935
NIR_minmax,TruncatedSVD,default,SpectralClustering,16093201,0.7560975609756098
NIR_minmax,TruncatedSVD,default,SpectralClustering,16093301,0.6756756756756757
NIR_minmax,TruncatedSVD,default,SpectralClustering,16093501,0.9272727272727272
NIR_minmax,TruncatedSVD,default,SpectralClustering,16093601,1.0
NIR_minmax,TruncatedSVD,default,SpectralClustering,16093801,0.9859154929577464
NIR_minmax,TruncatedSVD,default,SpectralClustering,170101,0.5365853658536586
NIR_minmax,TruncatedSVD,default,SpectralClustering,170103,1.0
NIR_minmax,TruncatedSVD,default,SpectralClustering,170104,0.6825396825396826
NIR_minmax,TruncatedSVD,default,SpectralClustering,170108,1.0
NIR_minmax,TruncatedSVD,default,SpectralClustering,170110,0.5238095238095238
NIR_diff,KernelPCA,sigmoid,AgglomerativeClustering,16090101,0.9411764705882352
NIR_diff,KernelPCA,sigmoid,AgglomerativeClustering,16090401,0.9333333333333332
NIR_diff,KernelPCA,sigmoid,AgglomerativeClustering,16090601,1.0
NIR_diff,KernelPCA,sigmoid,AgglomerativeClustering,16091201,0.9444444444444444
NIR_diff,KernelPCA,sigmoid,AgglomerativeClustering,16091301,0.75
NIR_diff,KernelPCA,sigmoid,AgglomerativeClustering,16092001,0.8253968253968254
NIR_diff,KernelPCA,sigmoid,AgglomerativeClustering,16092201,0.5517241379310345
NIR_diff,KernelPCA,sigmoid,AgglomerativeClustering,16092301,1.0
NIR_diff,KernelPCA,sigmoid,AgglomerativeClustering,16092501,0.9054054054054054
NIR_diff,KernelPCA,sigmoid,AgglomerativeClustering,16092701,0.5277777777777778
NIR_diff,KernelPCA,sigmoid,AgglomerativeClustering,16092801,1.0
NIR_diff,KernelPCA,sigmoid,AgglomerativeClustering,16093001,0.9032258064516128
NIR_diff,KernelPCA,sigmoid,AgglomerativeClustering,16093201,0.7317073170731707
NIR_diff,KernelPCA,sigmoid,AgglomerativeClustering,16093301,0.7567567567567568
NIR_diff,KernelPCA,sigmoid,AgglomerativeClustering,16093501,0.9454545454545454
NIR_diff,KernelPCA,sigmoid,AgglomerativeClustering,16093601,0.56
NIR_diff,KernelPCA,sigmoid,AgglomerativeClustering,16093801,0.6901408450704225
NIR_diff,KernelPCA,sigmoid,AgglomerativeClustering,170101,0.7317073170731707
NIR_diff,KernelPCA,sigmoid,AgglomerativeClustering,170103,0.7142857142857143
NIR_diff,KernelPCA,sigmoid,AgglomerativeClustering,170104,0.7777777777777778
NIR_diff,KernelPCA,sigmoid,AgglomerativeClustering,170108,1.0
NIR_diff,KernelPCA,sigmoid,AgglomerativeClustering,170110,0.8253968253968254
NIR_diff,KernelPCA,sigmoid,Birch,16090101,0.6764705882352942
NIR_diff,KernelPCA,sigmoid,Birch,16090401,0.6266666666666667
NIR_diff,KernelPCA,sigmoid,Birch,16090601,0.5348837209302325
NIR_diff,KernelPCA,sigmoid,Birch,16091201,0.75
NIR_diff,KernelPCA,sigmoid,Birch,16091301,0.75
NIR_diff,KernelPCA,sigmoid,Birch,16092001,0.6507936507936508
NIR_diff,KernelPCA,sigmoid,Birch,16092201,0.7241379310344828
NIR_diff,KernelPCA,sigmoid,Birch,16092301,0.7796610169491526
NIR_diff,KernelPCA,sigmoid,Birch,16092501,0.6891891891891891
NIR_diff,KernelPCA,sigmoid,Birch,16092701,0.8055555555555556
NIR_diff,KernelPCA,sigmoid,Birch,16092801,0.64
NIR_diff,KernelPCA,sigmoid,Birch,16093001,0.6129032258064516
NIR_diff,KernelPCA,sigmoid,Birch,16093201,0.6585365853658537
NIR_diff,KernelPCA,sigmoid,Birch,16093301,0.6216216216216216
NIR_diff,KernelPCA,sigmoid,Birch,16093501,0.6363636363636364
NIR_diff,KernelPCA,sigmoid,Birch,16093601,0.76
NIR_diff,KernelPCA,sigmoid,Birch,16093801,0.8169014084507042
NIR_diff,KernelPCA,sigmoid,Birch,170101,0.5365853658536586
NIR_diff,KernelPCA,sigmoid,Birch,170103,0.6428571428571429
NIR_diff,KernelPCA,sigmoid,Birch,170104,0.8095238095238095
NIR_diff,KernelPCA,sigmoid,Birch,170108,0.6666666666666667
NIR_diff,KernelPCA,sigmoid,Birch,170110,0.6190476190476191
NIR_diff,KernelPCA,sigmoid,KMeans,16090101,0.9705882352941176
NIR_diff,KernelPCA,sigmoid,KMeans,16090401,0.88
NIR_diff,KernelPCA,sigmoid,KMeans,16090601,1.0
NIR_diff,KernelPCA,sigmoid,KMeans,16091201,0.9166666666666666
NIR_diff,KernelPCA,sigmoid,KMeans,16091301,0.75
NIR_diff,KernelPCA,sigmoid,KMeans,16092001,0.9841269841269842
NIR_diff,KernelPCA,sigmoid,KMeans,16092201,0.5
NIR_diff,KernelPCA,sigmoid,KMeans,16092301,1.0
NIR_diff,KernelPCA,sigmoid,KMeans,16092501,0.8918918918918919
NIR_diff,KernelPCA,sigmoid,KMeans,16092701,0.5555555555555556
NIR_diff,KernelPCA,sigmoid,KMeans,16092801,1.0
NIR_diff,KernelPCA,sigmoid,KMeans,16093001,0.9032258064516128
NIR_diff,KernelPCA,sigmoid,KMeans,16093201,0.7317073170731707
NIR_diff,KernelPCA,sigmoid,KMeans,16093301,0.945945945945946
NIR_diff,KernelPCA,sigmoid,KMeans,16093501,0.9090909090909092
NIR_diff,KernelPCA,sigmoid,KMeans,16093601,0.6799999999999999
NIR_diff,KernelPCA,sigmoid,KMeans,16093801,0.676056338028169
NIR_diff,KernelPCA,sigmoid,KMeans,170101,0.7560975609756098
NIR_diff,KernelPCA,sigmoid,KMeans,170103,0.7142857142857143
NIR_diff,KernelPCA,sigmoid,KMeans,170104,0.7619047619047619
NIR_diff,KernelPCA,sigmoid,KMeans,170108,1.0
NIR_diff,KernelPCA,sigmoid,KMeans,170110,0.9206349206349208
NIR_diff,KernelPCA,sigmoid,MiniBatchKMeans,16090101,0.9705882352941176
NIR_diff,KernelPCA,sigmoid,MiniBatchKMeans,16090401,0.7333333333333334
NIR_diff,KernelPCA,sigmoid,MiniBatchKMeans,16090601,1.0
NIR_diff,KernelPCA,sigmoid,MiniBatchKMeans,16091201,0.9166666666666666
NIR_diff,KernelPCA,sigmoid,MiniBatchKMeans,16091301,0.75
NIR_diff,KernelPCA,sigmoid,MiniBatchKMeans,16092001,0.984126984126984
NIR_diff,KernelPCA,sigmoid,MiniBatchKMeans,16092201,0.5
NIR_diff,KernelPCA,sigmoid,MiniBatchKMeans,16092301,0.711864406779661
NIR_diff,KernelPCA,sigmoid,MiniBatchKMeans,16092501,0.8918918918918919
NIR_diff,KernelPCA,sigmoid,MiniBatchKMeans,16092701,0.5833333333333333
NIR_diff,KernelPCA,sigmoid,MiniBatchKMeans,16092801,0.58
NIR_diff,KernelPCA,sigmoid,MiniBatchKMeans,16093001,0.9032258064516128
NIR_diff,KernelPCA,sigmoid,MiniBatchKMeans,16093201,0.8780487804878049
NIR_diff,KernelPCA,sigmoid,MiniBatchKMeans,16093301,1.0
NIR_diff,KernelPCA,sigmoid,MiniBatchKMeans,16093501,0.9090909090909092
NIR_diff,KernelPCA,sigmoid,MiniBatchKMeans,16093601,0.64
NIR_diff,KernelPCA,sigmoid,MiniBatchKMeans,16093801,0.676056338028169
NIR_diff,KernelPCA,sigmoid,MiniBatchKMeans,170101,0.7560975609756098
NIR_diff,KernelPCA,sigmoid,MiniBatchKMeans,170103,0.7142857142857143
NIR_diff,KernelPCA,sigmoid,MiniBatchKMeans,170104,0.7619047619047619
NIR_diff,KernelPCA,sigmoid,MiniBatchKMeans,170108,1.0
NIR_diff,KernelPCA,sigmoid,MiniBatchKMeans,170110,0.873015873015873
NIR_diff,KernelPCA,sigmoid,SpectralClustering,16090101,0.7352941176470589
NIR_diff,KernelPCA,sigmoid,SpectralClustering,16090401,0.8266666666666667
NIR_diff,KernelPCA,sigmoid,SpectralClustering,16090601,1.0
NIR_diff,KernelPCA,sigmoid,SpectralClustering,16091201,0.9166666666666666
NIR_diff,KernelPCA,sigmoid,SpectralClustering,16091301,0.75
NIR_diff,KernelPCA,sigmoid,SpectralClustering,16092001,0.9682539682539684
NIR_diff,KernelPCA,sigmoid,SpectralClustering,16092201,0.5
NIR_diff,KernelPCA,sigmoid,SpectralClustering,16092301,1.0
NIR_diff,KernelPCA,sigmoid,SpectralClustering,16092501,0.8918918918918919
NIR_diff,KernelPCA,sigmoid,SpectralClustering,16092701,0.5555555555555556
NIR_diff,KernelPCA,sigmoid,SpectralClustering,16092801,1.0
NIR_diff,KernelPCA,sigmoid,SpectralClustering,16093001,0.9032258064516128
NIR_diff,KernelPCA,sigmoid,SpectralClustering,16093201,0.8292682926829268
NIR_diff,KernelPCA,sigmoid,SpectralClustering,16093301,0.945945945945946
NIR_diff,KernelPCA,sigmoid,SpectralClustering,16093501,0.9090909090909092
NIR_diff,KernelPCA,sigmoid,SpectralClustering,16093601,0.6799999999999999
NIR_diff,KernelPCA,sigmoid,SpectralClustering,16093801,0.704225352112676
NIR_diff,KernelPCA,sigmoid,SpectralClustering,170101,0.7560975609756098
NIR_diff,KernelPCA,sigmoid,SpectralClustering,170103,0.7142857142857143
NIR_diff,KernelPCA,sigmoid,SpectralClustering,170104,0.7619047619047619
NIR_diff,KernelPCA,sigmoid,SpectralClustering,170108,1.0
NIR_diff,KernelPCA,sigmoid,SpectralClustering,170110,0.873015873015873
NIR_diff,FactorAnalysis,default,AgglomerativeClustering,16090101,0.9705882352941176
NIR_diff,FactorAnalysis,default,AgglomerativeClustering,16090401,1.0
NIR_diff,FactorAnalysis,default,AgglomerativeClustering,16090601,0.9302325581395348
NIR_diff,FactorAnalysis,default,AgglomerativeClustering,16091201,0.9444444444444444
NIR_diff,FactorAnalysis,default,AgglomerativeClustering,16091301,0.7272727272727273
NIR_diff,FactorAnalysis,default,AgglomerativeClustering,16092001,0.8412698412698413
NIR_diff,FactorAnalysis,default,AgglomerativeClustering,16092201,0.9310344827586208
NIR_diff,FactorAnalysis,default,AgglomerativeClustering,16092301,0.8305084745762712
NIR_diff,FactorAnalysis,default,AgglomerativeClustering,16092501,0.7972972972972973
NIR_diff,FactorAnalysis,default,AgglomerativeClustering,16092701,0.9722222222222222
NIR_diff,FactorAnalysis,default,AgglomerativeClustering,16092801,0.98
NIR_diff,FactorAnalysis,default,AgglomerativeClustering,16093001,0.7419354838709677
NIR_diff,FactorAnalysis,default,AgglomerativeClustering,16093201,0.6829268292682927
NIR_diff,FactorAnalysis,default,AgglomerativeClustering,16093301,0.6756756756756757
NIR_diff,FactorAnalysis,default,AgglomerativeClustering,16093501,0.9636363636363636
NIR_diff,FactorAnalysis,default,AgglomerativeClustering,16093601,0.72
NIR_diff,FactorAnalysis,default,AgglomerativeClustering,16093801,0.7183098591549296
NIR_diff,FactorAnalysis,default,AgglomerativeClustering,170101,0.5121951219512195
NIR_diff,FactorAnalysis,default,AgglomerativeClustering,170103,0.9642857142857144
NIR_diff,FactorAnalysis,default,AgglomerativeClustering,170104,0.9682539682539684
NIR_diff,FactorAnalysis,default,AgglomerativeClustering,170108,0.5238095238095238
NIR_diff,FactorAnalysis,default,AgglomerativeClustering,170110,0.8571428571428572
NIR_diff,FactorAnalysis,default,Birch,16090101,0.9705882352941176
NIR_diff,FactorAnalysis,default,Birch,16090401,0.6133333333333333
NIR_diff,FactorAnalysis,default,Birch,16090601,0.813953488372093
NIR_diff,FactorAnalysis,default,Birch,16091201,0.9444444444444444
NIR_diff,FactorAnalysis,default,Birch,16091301,0.7272727272727273
NIR_diff,FactorAnalysis,default,Birch,16092001,0.8253968253968254
NIR_diff,FactorAnalysis,default,Birch,16092201,0.9310344827586208
NIR_diff,FactorAnalysis,default,Birch,16092301,0.8305084745762712
NIR_diff,FactorAnalysis,default,Birch,16092501,0.7972972972972973
NIR_diff,FactorAnalysis,default,Birch,16092701,0.9722222222222222
NIR_diff,FactorAnalysis,default,Birch,16092801,0.98
NIR_diff,FactorAnalysis,default,Birch,16093001,0.6290322580645161
NIR_diff,FactorAnalysis,default,Birch,16093201,0.6829268292682927
NIR_diff,FactorAnalysis,default,Birch,16093301,0.6756756756756757
NIR_diff,FactorAnalysis,default,Birch,16093501,0.5818181818181818
NIR_diff,FactorAnalysis,default,Birch,16093601,0.72
NIR_diff,FactorAnalysis,default,Birch,16093801,0.9014084507042254
NIR_diff,FactorAnalysis,default,Birch,170101,0.5121951219512195
NIR_diff,FactorAnalysis,default,Birch,170103,0.9642857142857144
NIR_diff,FactorAnalysis,default,Birch,170104,0.8571428571428572
NIR_diff,FactorAnalysis,default,Birch,170108,0.5238095238095238
NIR_diff,FactorAnalysis,default,Birch,170110,0.6190476190476191
NIR_diff,FactorAnalysis,default,KMeans,16090101,0.6764705882352942
NIR_diff,FactorAnalysis,default,KMeans,16090401,0.76
NIR_diff,FactorAnalysis,default,KMeans,16090601,0.6976744186046512
NIR_diff,FactorAnalysis,default,KMeans,16091201,0.8611111111111112
NIR_diff,FactorAnalysis,default,KMeans,16091301,0.6136363636363636
NIR_diff,FactorAnalysis,default,KMeans,16092001,0.7936507936507937
NIR_diff,FactorAnalysis,default,KMeans,16092201,0.8620689655172413
NIR_diff,FactorAnalysis,default,KMeans,16092301,0.8305084745762712
NIR_diff,FactorAnalysis,default,KMeans,16092501,0.6081081081081081
NIR_diff,FactorAnalysis,default,KMeans,16092701,0.8333333333333334
NIR_diff,FactorAnalysis,default,KMeans,16092801,0.74
NIR_diff,FactorAnalysis,default,KMeans,16093001,0.6935483870967742
NIR_diff,FactorAnalysis,default,KMeans,16093201,0.6829268292682927
NIR_diff,FactorAnalysis,default,KMeans,16093301,0.5675675675675675
NIR_diff,FactorAnalysis,default,KMeans,16093501,0.6
NIR_diff,FactorAnalysis,default,KMeans,16093601,0.6799999999999999
NIR_diff,FactorAnalysis,default,KMeans,16093801,0.5492957746478874
NIR_diff,FactorAnalysis,default,KMeans,170101,0.5121951219512195
NIR_diff,FactorAnalysis,default,KMeans,170103,0.6071428571428571
NIR_diff,FactorAnalysis,default,KMeans,170104,0.9047619047619048
NIR_diff,FactorAnalysis,default,KMeans,170108,0.6190476190476191
NIR_diff,FactorAnalysis,default,KMeans,170110,0.8253968253968254
NIR_diff,FactorAnalysis,default,MiniBatchKMeans,16090101,0.7352941176470589
NIR_diff,FactorAnalysis,default,MiniBatchKMeans,16090401,0.56
NIR_diff,FactorAnalysis,default,MiniBatchKMeans,16090601,0.5813953488372092
NIR_diff,FactorAnalysis,default,MiniBatchKMeans,16091201,0.6388888888888888
NIR_diff,FactorAnalysis,default,MiniBatchKMeans,16091301,0.8181818181818181
NIR_diff,FactorAnalysis,default,MiniBatchKMeans,16092001,0.5555555555555556
NIR_diff,FactorAnalysis,default,MiniBatchKMeans,16092201,0.7413793103448276
NIR_diff,FactorAnalysis,default,MiniBatchKMeans,16092301,0.5423728813559322
NIR_diff,FactorAnalysis,default,MiniBatchKMeans,16092501,0.5945945945945946
NIR_diff,FactorAnalysis,default,MiniBatchKMeans,16092701,0.7222222222222222
NIR_diff,FactorAnalysis,default,MiniBatchKMeans,16092801,0.62
NIR_diff,FactorAnalysis,default,MiniBatchKMeans,16093001,0.6612903225806451
NIR_diff,FactorAnalysis,default,MiniBatchKMeans,16093201,0.6829268292682927
NIR_diff,FactorAnalysis,default,MiniBatchKMeans,16093301,0.5405405405405406
NIR_diff,FactorAnalysis,default,MiniBatchKMeans,16093501,0.5818181818181818
NIR_diff,FactorAnalysis,default,MiniBatchKMeans,16093601,0.72
NIR_diff,FactorAnalysis,default,MiniBatchKMeans,16093801,0.5774647887323944
NIR_diff,FactorAnalysis,default,MiniBatchKMeans,170101,0.5121951219512195
NIR_diff,FactorAnalysis,default,MiniBatchKMeans,170103,0.7857142857142857
NIR_diff,FactorAnalysis,default,MiniBatchKMeans,170104,0.5079365079365079
NIR_diff,FactorAnalysis,default,MiniBatchKMeans,170108,0.5714285714285714
NIR_diff,FactorAnalysis,default,MiniBatchKMeans,170110,0.6825396825396826
NIR_diff,FactorAnalysis,default,SpectralClustering,16090101,0.9705882352941176
NIR_diff,FactorAnalysis,default,SpectralClustering,16090401,1.0
NIR_diff,FactorAnalysis,default,SpectralClustering,16090601,0.5813953488372092
NIR_diff,FactorAnalysis,default,SpectralClustering,16091201,0.6111111111111112
NIR_diff,FactorAnalysis,default,SpectralClustering,16091301,0.75
NIR_diff,FactorAnalysis,default,SpectralClustering,16092001,0.8253968253968254
NIR_diff,FactorAnalysis,default,SpectralClustering,16092201,0.7586206896551724
NIR_diff,FactorAnalysis,default,SpectralClustering,16092301,0.8305084745762712
NIR_diff,FactorAnalysis,default,SpectralClustering,16092501,0.8783783783783784
NIR_diff,FactorAnalysis,default,SpectralClustering,16092701,0.9166666666666666
NIR_diff,FactorAnalysis,default,SpectralClustering,16092801,0.6799999999999999
NIR_diff,FactorAnalysis,default,SpectralClustering,16093001,0.6451612903225806
NIR_diff,FactorAnalysis,default,SpectralClustering,16093201,0.7317073170731707
NIR_diff,FactorAnalysis,default,SpectralClustering,16093301,0.6756756756756757
NIR_diff,FactorAnalysis,default,SpectralClustering,16093501,0.6
NIR_diff,FactorAnalysis,default,SpectralClustering,16093601,1.0
NIR_diff,FactorAnalysis,default,SpectralClustering,16093801,0.8732394366197183
NIR_diff,FactorAnalysis,default,SpectralClustering,170101,0.5121951219512195
NIR_diff,FactorAnalysis,default,SpectralClustering,170103,0.8928571428571429
NIR_diff,FactorAnalysis,default,SpectralClustering,170104,1.0
NIR_diff,FactorAnalysis,default,SpectralClustering,170108,0.8095238095238095
NIR_diff,FactorAnalysis,default,SpectralClustering,170110,0.5238095238095238
NIR_diff,FastICA,default,AgglomerativeClustering,16090101,0.9117647058823528
NIR_diff,FastICA,default,AgglomerativeClustering,16090401,0.9733333333333334
NIR_diff,FastICA,default,AgglomerativeClustering,16090601,0.9767441860465116
NIR_diff,FastICA,default,AgglomerativeClustering,16091201,0.9444444444444444
NIR_diff,FastICA,default,AgglomerativeClustering,16091301,0.75
NIR_diff,FastICA,default,AgglomerativeClustering,16092001,0.8253968253968254
NIR_diff,FastICA,default,AgglomerativeClustering,16092201,0.8103448275862069
NIR_diff,FastICA,default,AgglomerativeClustering,16092301,0.9830508474576272
NIR_diff,FastICA,default,AgglomerativeClustering,16092501,0.7162162162162162
NIR_diff,FastICA,default,AgglomerativeClustering,16092701,0.9444444444444444
NIR_diff,FastICA,default,AgglomerativeClustering,16092801,1.0
NIR_diff,FastICA,default,AgglomerativeClustering,16093001,0.7258064516129032
NIR_diff,FastICA,default,AgglomerativeClustering,16093201,0.6829268292682927
NIR_diff,FastICA,default,AgglomerativeClustering,16093301,0.6756756756756757
NIR_diff,FastICA,default,AgglomerativeClustering,16093501,0.5818181818181818
NIR_diff,FastICA,default,AgglomerativeClustering,16093601,0.72
NIR_diff,FastICA,default,AgglomerativeClustering,16093801,0.676056338028169
NIR_diff,FastICA,default,AgglomerativeClustering,170101,0.5609756097560976
NIR_diff,FastICA,default,AgglomerativeClustering,170103,0.7142857142857143
NIR_diff,FastICA,default,AgglomerativeClustering,170104,1.0
NIR_diff,FastICA,default,AgglomerativeClustering,170108,0.5238095238095238
NIR_diff,FastICA,default,AgglomerativeClustering,170110,0.8095238095238095
NIR_diff,FastICA,default,Birch,16090101,0.7058823529411765
NIR_diff,FastICA,default,Birch,16090401,0.6266666666666667
NIR_diff,FastICA,default,Birch,16090601,0.5581395348837209
NIR_diff,FastICA,default,Birch,16091201,0.6944444444444444
NIR_diff,FastICA,default,Birch,16091301,0.7727272727272727
NIR_diff,FastICA,default,Birch,16092001,0.6507936507936508
NIR_diff,FastICA,default,Birch,16092201,0.7241379310344828
NIR_diff,FastICA,default,Birch,16092301,0.7796610169491526
NIR_diff,FastICA,default,Birch,16092501,0.6891891891891891
NIR_diff,FastICA,default,Birch,16092701,0.8333333333333334
NIR_diff,FastICA,default,Birch,16092801,0.62
NIR_diff,FastICA,default,Birch,16093001,0.6129032258064516
NIR_diff,FastICA,default,Birch,16093201,0.6829268292682927
NIR_diff,FastICA,default,Birch,16093301,0.6486486486486487
NIR_diff,FastICA,default,Birch,16093501,0.6363636363636364
NIR_diff,FastICA,default,Birch,16093601,0.72
NIR_diff,FastICA,default,Birch,16093801,0.8309859154929577
NIR_diff,FastICA,default,Birch,170101,0.5121951219512195
NIR_diff,FastICA,default,Birch,170103,0.6785714285714286
NIR_diff,FastICA,default,Birch,170104,0.8095238095238095
NIR_diff,FastICA,default,Birch,170108,0.6190476190476191
NIR_diff,FastICA,default,Birch,170110,0.6190476190476191
NIR_diff,FastICA,default,KMeans,16090101,0.5294117647058824
NIR_diff,FastICA,default,KMeans,16090401,0.5866666666666667
NIR_diff,FastICA,default,KMeans,16090601,0.5581395348837209
NIR_diff,FastICA,default,KMeans,16091201,0.5833333333333333
NIR_diff,FastICA,default,KMeans,16091301,0.5454545454545454
NIR_diff,FastICA,default,KMeans,16092001,0.7142857142857143
NIR_diff,FastICA,default,KMeans,16092201,0.5862068965517242
NIR_diff,FastICA,default,KMeans,16092301,0.6440677966101696
NIR_diff,FastICA,default,KMeans,16092501,0.8243243243243243
NIR_diff,FastICA,default,KMeans,16092701,0.9166666666666666
NIR_diff,FastICA,default,KMeans,16092801,0.72
NIR_diff,FastICA,default,KMeans,16093001,0.6935483870967742
NIR_diff,FastICA,default,KMeans,16093201,0.6829268292682926
NIR_diff,FastICA,default,KMeans,16093301,0.7027027027027027
NIR_diff,FastICA,default,KMeans,16093501,0.5454545454545454
NIR_diff,FastICA,default,KMeans,16093601,0.72
NIR_diff,FastICA,default,KMeans,16093801,0.5492957746478873
NIR_diff,FastICA,default,KMeans,170101,0.6341463414634146
NIR_diff,FastICA,default,KMeans,170103,0.75
NIR_diff,FastICA,default,KMeans,170104,0.6507936507936508
NIR_diff,FastICA,default,KMeans,170108,0.6190476190476191
NIR_diff,FastICA,default,KMeans,170110,0.8253968253968254
NIR_diff,FastICA,default,MiniBatchKMeans,16090101,0.7352941176470589
NIR_diff,FastICA,default,MiniBatchKMeans,16090401,0.76
NIR_diff,FastICA,default,MiniBatchKMeans,16090601,0.6744186046511628
NIR_diff,FastICA,default,MiniBatchKMeans,16091201,0.8611111111111112
NIR_diff,FastICA,default,MiniBatchKMeans,16091301,0.75
NIR_diff,FastICA,default,MiniBatchKMeans,16092001,0.5714285714285714
NIR_diff,FastICA,default,MiniBatchKMeans,16092201,0.8275862068965517
NIR_diff,FastICA,default,MiniBatchKMeans,16092301,0.5932203389830508
NIR_diff,FastICA,default,MiniBatchKMeans,16092501,0.7837837837837838
NIR_diff,FastICA,default,MiniBatchKMeans,16092701,0.7777777777777778
NIR_diff,FastICA,default,MiniBatchKMeans,16092801,0.52
NIR_diff,FastICA,default,MiniBatchKMeans,16093001,0.7741935483870968
NIR_diff,FastICA,default,MiniBatchKMeans,16093201,0.5365853658536586
NIR_diff,FastICA,default,MiniBatchKMeans,16093301,0.9189189189189187
NIR_diff,FastICA,default,MiniBatchKMeans,16093501,0.6363636363636364
NIR_diff,FastICA,default,MiniBatchKMeans,16093601,0.6799999999999999
NIR_diff,FastICA,default,MiniBatchKMeans,16093801,0.647887323943662
NIR_diff,FastICA,default,MiniBatchKMeans,170101,0.5121951219512195
NIR_diff,FastICA,default,MiniBatchKMeans,170103,0.5357142857142857
NIR_diff,FastICA,default,MiniBatchKMeans,170104,0.6349206349206349
NIR_diff,FastICA,default,MiniBatchKMeans,170108,0.6190476190476191
NIR_diff,FastICA,default,MiniBatchKMeans,170110,0.5555555555555556
NIR_diff,FastICA,default,SpectralClustering,16090101,0.5882352941176471
NIR_diff,FastICA,default,SpectralClustering,16090401,0.9866666666666668
NIR_diff,FastICA,default,SpectralClustering,16090601,1.0
NIR_diff,FastICA,default,SpectralClustering,16091201,0.5833333333333334
NIR_diff,FastICA,default,SpectralClustering,16091301,0.5227272727272727
NIR_diff,FastICA,default,SpectralClustering,16092001,0.6190476190476191
NIR_diff,FastICA,default,SpectralClustering,16092201,0.5344827586206896
NIR_diff,FastICA,default,SpectralClustering,16092301,0.576271186440678
NIR_diff,FastICA,default,SpectralClustering,16092501,0.5135135135135135
NIR_diff,FastICA,default,SpectralClustering,16092701,0.5277777777777778
NIR_diff,FastICA,default,SpectralClustering,16092801,0.82
NIR_diff,FastICA,default,SpectralClustering,16093001,0.7419354838709677
NIR_diff,FastICA,default,SpectralClustering,16093201,0.5609756097560976
NIR_diff,FastICA,default,SpectralClustering,16093301,0.5675675675675675
NIR_diff,FastICA,default,SpectralClustering,16093501,0.8727272727272727
NIR_diff,FastICA,default,SpectralClustering,16093601,0.56
NIR_diff,FastICA,default,SpectralClustering,16093801,0.5915492957746479
NIR_diff,FastICA,default,SpectralClustering,170101,0.7317073170731707
NIR_diff,FastICA,default,SpectralClustering,170103,0.75
NIR_diff,FastICA,default,SpectralClustering,170104,0.5079365079365079
NIR_diff,FastICA,default,SpectralClustering,170108,0.5238095238095238
NIR_diff,FastICA,default,SpectralClustering,170110,0.8412698412698413
NIR_diff,IncrementalPCA,default,AgglomerativeClustering,16090101,0.9411764705882352
NIR_diff,IncrementalPCA,default,AgglomerativeClustering,16090401,1.0
NIR_diff,IncrementalPCA,default,AgglomerativeClustering,16090601,1.0
NIR_diff,IncrementalPCA,default,AgglomerativeClustering,16091201,0.9444444444444444
NIR_diff,IncrementalPCA,default,AgglomerativeClustering,16091301,0.75
NIR_diff,IncrementalPCA,default,AgglomerativeClustering,16092001,0.9523809523809524
NIR_diff,IncrementalPCA,default,AgglomerativeClustering,16092201,0.5344827586206896
NIR_diff,IncrementalPCA,default,AgglomerativeClustering,16092301,0.6101694915254237
NIR_diff,IncrementalPCA,default,AgglomerativeClustering,16092501,0.9054054054054054
NIR_diff,IncrementalPCA,default,AgglomerativeClustering,16092701,0.6388888888888888
NIR_diff,IncrementalPCA,default,AgglomerativeClustering,16092801,1.0
NIR_diff,IncrementalPCA,default,AgglomerativeClustering,16093001,0.7903225806451613
NIR_diff,IncrementalPCA,default,AgglomerativeClustering,16093201,0.8780487804878049
NIR_diff,IncrementalPCA,default,AgglomerativeClustering,16093301,1.0
NIR_diff,IncrementalPCA,default,AgglomerativeClustering,16093501,0.9454545454545454
NIR_diff,IncrementalPCA,default,AgglomerativeClustering,16093601,0.56
NIR_diff,IncrementalPCA,default,AgglomerativeClustering,16093801,0.9154929577464788
NIR_diff,IncrementalPCA,default,AgglomerativeClustering,170101,0.7317073170731707
NIR_diff,IncrementalPCA,default,AgglomerativeClustering,170103,0.7142857142857143
NIR_diff,IncrementalPCA,default,AgglomerativeClustering,170104,0.6507936507936508
NIR_diff,IncrementalPCA,default,AgglomerativeClustering,170108,1.0
NIR_diff,IncrementalPCA,default,AgglomerativeClustering,170110,0.8253968253968254
NIR_diff,IncrementalPCA,default,Birch,16090101,0.9411764705882352
NIR_diff,IncrementalPCA,default,Birch,16090401,1.0
NIR_diff,IncrementalPCA,default,Birch,16090601,1.0
NIR_diff,IncrementalPCA,default,Birch,16091201,0.9444444444444444
NIR_diff,IncrementalPCA,default,Birch,16091301,0.75
NIR_diff,IncrementalPCA,default,Birch,16092001,0.9523809523809524
NIR_diff,IncrementalPCA,default,Birch,16092201,0.5344827586206896
NIR_diff,IncrementalPCA,default,Birch,16092301,0.6101694915254237
NIR_diff,IncrementalPCA,default,Birch,16092501,0.9054054054054054
NIR_diff,IncrementalPCA,default,Birch,16092701,0.6388888888888888
NIR_diff,IncrementalPCA,default,Birch,16092801,1.0
NIR_diff,IncrementalPCA,default,Birch,16093001,0.7903225806451613
NIR_diff,IncrementalPCA,default,Birch,16093201,0.8780487804878049
NIR_diff,IncrementalPCA,default,Birch,16093301,1.0
NIR_diff,IncrementalPCA,default,Birch,16093501,0.9454545454545454
NIR_diff,IncrementalPCA,default,Birch,16093601,0.56
NIR_diff,IncrementalPCA,default,Birch,16093801,0.9154929577464788
NIR_diff,IncrementalPCA,default,Birch,170101,0.7317073170731707
NIR_diff,IncrementalPCA,default,Birch,170103,0.7142857142857143
NIR_diff,IncrementalPCA,default,Birch,170104,0.6507936507936508
NIR_diff,IncrementalPCA,default,Birch,170108,1.0
NIR_diff,IncrementalPCA,default,Birch,170110,0.8253968253968254
NIR_diff,IncrementalPCA,default,KMeans,16090101,0.9705882352941176
NIR_diff,IncrementalPCA,default,KMeans,16090401,1.0
NIR_diff,IncrementalPCA,default,KMeans,16090601,0.9767441860465116
NIR_diff,IncrementalPCA,default,KMeans,16091201,0.9166666666666666
NIR_diff,IncrementalPCA,default,KMeans,16091301,0.75
NIR_diff,IncrementalPCA,default,KMeans,16092001,0.9682539682539684
NIR_diff,IncrementalPCA,default,KMeans,16092201,0.5
NIR_diff,IncrementalPCA,default,KMeans,16092301,0.711864406779661
NIR_diff,IncrementalPCA,default,KMeans,16092501,0.8108108108108107
NIR_diff,IncrementalPCA,default,KMeans,16092701,0.5555555555555556
NIR_diff,IncrementalPCA,default,KMeans,16092801,1.0
NIR_diff,IncrementalPCA,default,KMeans,16093001,0.7903225806451613
NIR_diff,IncrementalPCA,default,KMeans,16093201,0.8780487804878049
NIR_diff,IncrementalPCA,default,KMeans,16093301,1.0
NIR_diff,IncrementalPCA,default,KMeans,16093501,0.9090909090909092
NIR_diff,IncrementalPCA,default,KMeans,16093601,0.6
NIR_diff,IncrementalPCA,default,KMeans,16093801,0.943661971830986
NIR_diff,IncrementalPCA,default,KMeans,170101,0.7560975609756098
NIR_diff,IncrementalPCA,default,KMeans,170103,0.7142857142857143
NIR_diff,IncrementalPCA,default,KMeans,170104,0.7142857142857143
NIR_diff,IncrementalPCA,default,KMeans,170108,1.0
NIR_diff,IncrementalPCA,default,KMeans,170110,0.873015873015873
NIR_diff,IncrementalPCA,default,MiniBatchKMeans,16090101,0.9705882352941176
NIR_diff,IncrementalPCA,default,MiniBatchKMeans,16090401,1.0
NIR_diff,IncrementalPCA,default,MiniBatchKMeans,16090601,0.9767441860465116
NIR_diff,IncrementalPCA,default,MiniBatchKMeans,16091201,0.9166666666666666
NIR_diff,IncrementalPCA,default,MiniBatchKMeans,16091301,0.75
NIR_diff,IncrementalPCA,default,MiniBatchKMeans,16092001,0.8253968253968254
NIR_diff,IncrementalPCA,default,MiniBatchKMeans,16092201,0.5172413793103449
NIR_diff,IncrementalPCA,default,MiniBatchKMeans,16092301,0.6949152542372881
NIR_diff,IncrementalPCA,default,MiniBatchKMeans,16092501,0.8513513513513513
NIR_diff,IncrementalPCA,default,MiniBatchKMeans,16092701,0.6111111111111112
NIR_diff,IncrementalPCA,default,MiniBatchKMeans,16092801,1.0
NIR_diff,IncrementalPCA,default,MiniBatchKMeans,16093001,0.7903225806451613
NIR_diff,IncrementalPCA,default,MiniBatchKMeans,16093201,0.5121951219512195
NIR_diff,IncrementalPCA,default,MiniBatchKMeans,16093301,0.945945945945946
NIR_diff,IncrementalPCA,default,MiniBatchKMeans,16093501,0.9090909090909092
NIR_diff,IncrementalPCA,default,MiniBatchKMeans,16093601,0.64
NIR_diff,IncrementalPCA,default,MiniBatchKMeans,16093801,0.9577464788732394
NIR_diff,IncrementalPCA,default,MiniBatchKMeans,170101,0.7560975609756098
NIR_diff,IncrementalPCA,default,MiniBatchKMeans,170103,0.7142857142857143
NIR_diff,IncrementalPCA,default,MiniBatchKMeans,170104,0.7142857142857143
NIR_diff,IncrementalPCA,default,MiniBatchKMeans,170108,1.0
NIR_diff,IncrementalPCA,default,MiniBatchKMeans,170110,0.873015873015873
NIR_diff,IncrementalPCA,default,SpectralClustering,16090101,0.7058823529411765
NIR_diff,IncrementalPCA,default,SpectralClustering,16090401,1.0
NIR_diff,IncrementalPCA,default,SpectralClustering,16090601,0.5581395348837209
NIR_diff,IncrementalPCA,default,SpectralClustering,16091201,0.7777777777777778
NIR_diff,IncrementalPCA,default,SpectralClustering,16091301,0.7272727272727273
NIR_diff,IncrementalPCA,default,SpectralClustering,16092001,0.6984126984126984
NIR_diff,IncrementalPCA,default,SpectralClustering,16092201,0.6896551724137931
NIR_diff,IncrementalPCA,default,SpectralClustering,16092301,0.8305084745762712
NIR_diff,IncrementalPCA,default,SpectralClustering,16092501,0.7837837837837838
NIR_diff,IncrementalPCA,default,SpectralClustering,16092701,0.8611111111111112
NIR_diff,IncrementalPCA,default,SpectralClustering,16092801,0.92
NIR_diff,IncrementalPCA,default,SpectralClustering,16093001,0.5967741935483871
NIR_diff,IncrementalPCA,default,SpectralClustering,16093201,0.6829268292682927
NIR_diff,IncrementalPCA,default,SpectralClustering,16093301,0.6756756756756757
NIR_diff,IncrementalPCA,default,SpectralClustering,16093501,0.6181818181818182
NIR_diff,IncrementalPCA,default,SpectralClustering,16093601,0.56
NIR_diff,IncrementalPCA,default,SpectralClustering,16093801,0.8309859154929577
NIR_diff,IncrementalPCA,default,SpectralClustering,170101,0.5365853658536586
NIR_diff,IncrementalPCA,default,SpectralClustering,170103,0.7142857142857143
NIR_diff,IncrementalPCA,default,SpectralClustering,170104,0.7142857142857143
NIR_diff,IncrementalPCA,default,SpectralClustering,170108,1.0
NIR_diff,IncrementalPCA,default,SpectralClustering,170110,0.6031746031746033
NIR_diff,PCA,default,AgglomerativeClustering,16090101,0.9411764705882352
NIR_diff,PCA,default,AgglomerativeClustering,16090401,1.0
NIR_diff,PCA,default,AgglomerativeClustering,16090601,1.0
NIR_diff,PCA,default,AgglomerativeClustering,16091201,0.9444444444444444
NIR_diff,PCA,default,AgglomerativeClustering,16091301,0.75
NIR_diff,PCA,default,AgglomerativeClustering,16092001,0.9523809523809524
NIR_diff,PCA,default,AgglomerativeClustering,16092201,0.5344827586206896
NIR_diff,PCA,default,AgglomerativeClustering,16092301,0.6101694915254237
NIR_diff,PCA,default,AgglomerativeClustering,16092501,0.9054054054054054
NIR_diff,PCA,default,AgglomerativeClustering,16092701,0.6388888888888888
NIR_diff,PCA,default,AgglomerativeClustering,16092801,1.0
NIR_diff,PCA,default,AgglomerativeClustering,16093001,0.7903225806451613
NIR_diff,PCA,default,AgglomerativeClustering,16093201,0.8780487804878049
NIR_diff,PCA,default,AgglomerativeClustering,16093301,0.7297297297297297
NIR_diff,PCA,default,AgglomerativeClustering,16093501,0.9454545454545454
NIR_diff,PCA,default,AgglomerativeClustering,16093601,0.56
NIR_diff,PCA,default,AgglomerativeClustering,16093801,0.9154929577464788
NIR_diff,PCA,default,AgglomerativeClustering,170101,0.7317073170731707
NIR_diff,PCA,default,AgglomerativeClustering,170103,0.7142857142857143
NIR_diff,PCA,default,AgglomerativeClustering,170104,0.6507936507936508
NIR_diff,PCA,default,AgglomerativeClustering,170108,1.0
NIR_diff,PCA,default,AgglomerativeClustering,170110,0.8253968253968254
NIR_diff,PCA,default,Birch,16090101,0.9411764705882352
NIR_diff,PCA,default,Birch,16090401,1.0
NIR_diff,PCA,default,Birch,16090601,1.0
NIR_diff,PCA,default,Birch,16091201,0.9444444444444444
NIR_diff,PCA,default,Birch,16091301,0.75
NIR_diff,PCA,default,Birch,16092001,0.9523809523809524
NIR_diff,PCA,default,Birch,16092201,0.5344827586206896
NIR_diff,PCA,default,Birch,16092301,0.6101694915254237
NIR_diff,PCA,default,Birch,16092501,0.9054054054054054
NIR_diff,PCA,default,Birch,16092701,0.6388888888888888
NIR_diff,PCA,default,Birch,16092801,1.0
NIR_diff,PCA,default,Birch,16093001,0.7903225806451613
NIR_diff,PCA,default,Birch,16093201,0.8780487804878049
NIR_diff,PCA,default,Birch,16093301,1.0
NIR_diff,PCA,default,Birch,16093501,0.9454545454545454
NIR_diff,PCA,default,Birch,16093601,0.56
NIR_diff,PCA,default,Birch,16093801,0.9154929577464788
NIR_diff,PCA,default,Birch,170101,0.7317073170731707
NIR_diff,PCA,default,Birch,170103,0.7142857142857143
NIR_diff,PCA,default,Birch,170104,0.6507936507936508
NIR_diff,PCA,default,Birch,170108,1.0
NIR_diff,PCA,default,Birch,170110,0.8253968253968254
NIR_diff,PCA,default,KMeans,16090101,0.9705882352941176
NIR_diff,PCA,default,KMeans,16090401,1.0
NIR_diff,PCA,default,KMeans,16090601,0.9767441860465116
NIR_diff,PCA,default,KMeans,16091201,0.9166666666666666
NIR_diff,PCA,default,KMeans,16091301,0.75
NIR_diff,PCA,default,KMeans,16092001,0.9682539682539684
NIR_diff,PCA,default,KMeans,16092201,0.5
NIR_diff,PCA,default,KMeans,16092301,0.6949152542372882
NIR_diff,PCA,default,KMeans,16092501,0.8108108108108109
NIR_diff,PCA,default,KMeans,16092701,0.5555555555555556
NIR_diff,PCA,default,KMeans,16092801,1.0
NIR_diff,PCA,default,KMeans,16093001,0.7903225806451613
NIR_diff,PCA,default,KMeans,16093201,0.8780487804878049
NIR_diff,PCA,default,KMeans,16093301,1.0
NIR_diff,PCA,default,KMeans,16093501,0.9090909090909092
NIR_diff,PCA,default,KMeans,16093601,0.6
NIR_diff,PCA,default,KMeans,16093801,0.943661971830986
NIR_diff,PCA,default,KMeans,170101,0.7560975609756098
NIR_diff,PCA,default,KMeans,170103,0.7142857142857143
NIR_diff,PCA,default,KMeans,170104,0.7142857142857143
NIR_diff,PCA,default,KMeans,170108,1.0
NIR_diff,PCA,default,KMeans,170110,0.873015873015873
NIR_diff,PCA,default,MiniBatchKMeans,16090101,0.9705882352941176
NIR_diff,PCA,default,MiniBatchKMeans,16090401,1.0
NIR_diff,PCA,default,MiniBatchKMeans,16090601,0.9767441860465116
NIR_diff,PCA,default,MiniBatchKMeans,16091201,0.9166666666666666
NIR_diff,PCA,default,MiniBatchKMeans,16091301,0.7272727272727273
NIR_diff,PCA,default,MiniBatchKMeans,16092001,0.9365079365079364
NIR_diff,PCA,default,MiniBatchKMeans,16092201,0.5172413793103448
NIR_diff,PCA,default,MiniBatchKMeans,16092301,0.6949152542372882
NIR_diff,PCA,default,MiniBatchKMeans,16092501,0.8513513513513513
NIR_diff,PCA,default,MiniBatchKMeans,16092701,0.5833333333333334
NIR_diff,PCA,default,MiniBatchKMeans,16092801,0.56
NIR_diff,PCA,default,MiniBatchKMeans,16093001,0.7903225806451613
NIR_diff,PCA,default,MiniBatchKMeans,16093201,0.5609756097560976
NIR_diff,PCA,default,MiniBatchKMeans,16093301,0.8378378378378378
NIR_diff,PCA,default,MiniBatchKMeans,16093501,0.9090909090909092
NIR_diff,PCA,default,MiniBatchKMeans,16093601,0.6
NIR_diff,PCA,default,MiniBatchKMeans,16093801,0.943661971830986
NIR_diff,PCA,default,MiniBatchKMeans,170101,0.7560975609756098
NIR_diff,PCA,default,MiniBatchKMeans,170103,0.7142857142857143
NIR_diff,PCA,default,MiniBatchKMeans,170104,0.7619047619047619
NIR_diff,PCA,default,MiniBatchKMeans,170108,1.0
NIR_diff,PCA,default,MiniBatchKMeans,170110,0.873015873015873
NIR_diff,PCA,default,SpectralClustering,16090101,0.7058823529411765
NIR_diff,PCA,default,SpectralClustering,16090401,1.0
NIR_diff,PCA,default,SpectralClustering,16090601,0.5581395348837209
NIR_diff,PCA,default,SpectralClustering,16091201,0.7777777777777778
NIR_diff,PCA,default,SpectralClustering,16091301,0.7272727272727273
NIR_diff,PCA,default,SpectralClustering,16092001,0.6825396825396826
NIR_diff,PCA,default,SpectralClustering,16092201,0.6896551724137931
NIR_diff,PCA,default,SpectralClustering,16092301,0.8305084745762712
NIR_diff,PCA,default,SpectralClustering,16092501,0.7837837837837838
NIR_diff,PCA,default,SpectralClustering,16092701,0.8611111111111112
NIR_diff,PCA,default,SpectralClustering,16092801,1.0
NIR_diff,PCA,default,SpectralClustering,16093001,0.5967741935483871
NIR_diff,PCA,default,SpectralClustering,16093201,0.6829268292682927
NIR_diff,PCA,default,SpectralClustering,16093301,0.6756756756756757
NIR_diff,PCA,default,SpectralClustering,16093501,0.6
NIR_diff,PCA,default,SpectralClustering,16093601,0.56
NIR_diff,PCA,default,SpectralClustering,16093801,0.8309859154929577
NIR_diff,PCA,default,SpectralClustering,170101,0.5365853658536586
NIR_diff,PCA,default,SpectralClustering,170103,0.7142857142857143
NIR_diff,PCA,default,SpectralClustering,170104,0.7142857142857143
NIR_diff,PCA,default,SpectralClustering,170108,0.7619047619047619
NIR_diff,PCA,default,SpectralClustering,170110,0.6031746031746033
NIR_diff,TruncatedSVD,default,AgglomerativeClustering,16090101,0.9411764705882352
NIR_diff,TruncatedSVD,default,AgglomerativeClustering,16090401,1.0
NIR_diff,TruncatedSVD,default,AgglomerativeClustering,16090601,1.0
NIR_diff,TruncatedSVD,default,AgglomerativeClustering,16091201,0.9444444444444444
NIR_diff,TruncatedSVD,default,AgglomerativeClustering,16091301,0.75
NIR_diff,TruncatedSVD,default,AgglomerativeClustering,16092001,0.9523809523809524
NIR_diff,TruncatedSVD,default,AgglomerativeClustering,16092201,0.5344827586206896
NIR_diff,TruncatedSVD,default,AgglomerativeClustering,16092301,0.6101694915254237
NIR_diff,TruncatedSVD,default,AgglomerativeClustering,16092501,0.9054054054054054
NIR_diff,TruncatedSVD,default,AgglomerativeClustering,16092701,0.5277777777777778
NIR_diff,TruncatedSVD,default,AgglomerativeClustering,16092801,1.0
NIR_diff,TruncatedSVD,default,AgglomerativeClustering,16093001,0.7903225806451613
NIR_diff,TruncatedSVD,default,AgglomerativeClustering,16093201,0.8780487804878049
NIR_diff,TruncatedSVD,default,AgglomerativeClustering,16093301,0.7297297297297297
NIR_diff,TruncatedSVD,default,AgglomerativeClustering,16093501,0.9454545454545454
NIR_diff,TruncatedSVD,default,AgglomerativeClustering,16093601,0.56
NIR_diff,TruncatedSVD,default,AgglomerativeClustering,16093801,0.9154929577464788
NIR_diff,TruncatedSVD,default,AgglomerativeClustering,170101,0.7317073170731707
NIR_diff,TruncatedSVD,default,AgglomerativeClustering,170103,0.7142857142857143
NIR_diff,TruncatedSVD,default,AgglomerativeClustering,170104,0.6507936507936508
NIR_diff,TruncatedSVD,default,AgglomerativeClustering,170108,1.0
NIR_diff,TruncatedSVD,default,AgglomerativeClustering,170110,0.8253968253968254
NIR_diff,TruncatedSVD,default,Birch,16090101,0.9411764705882352
NIR_diff,TruncatedSVD,default,Birch,16090401,1.0
NIR_diff,TruncatedSVD,default,Birch,16090601,1.0
NIR_diff,TruncatedSVD,default,Birch,16091201,0.9444444444444444
NIR_diff,TruncatedSVD,default,Birch,16091301,0.75
NIR_diff,TruncatedSVD,default,Birch,16092001,0.9523809523809524
NIR_diff,TruncatedSVD,default,Birch,16092201,0.5344827586206896
NIR_diff,TruncatedSVD,default,Birch,16092301,0.6101694915254237
NIR_diff,TruncatedSVD,default,Birch,16092501,0.9054054054054054
NIR_diff,TruncatedSVD,default,Birch,16092701,0.5277777777777778
NIR_diff,TruncatedSVD,default,Birch,16092801,1.0
NIR_diff,TruncatedSVD,default,Birch,16093001,0.7903225806451613
NIR_diff,TruncatedSVD,default,Birch,16093201,0.8780487804878049
NIR_diff,TruncatedSVD,default,Birch,16093301,1.0
NIR_diff,TruncatedSVD,default,Birch,16093501,0.9454545454545454
NIR_diff,TruncatedSVD,default,Birch,16093601,0.56
NIR_diff,TruncatedSVD,default,Birch,16093801,0.9154929577464788
NIR_diff,TruncatedSVD,default,Birch,170101,0.7317073170731707
NIR_diff,TruncatedSVD,default,Birch,170103,0.7142857142857143
NIR_diff,TruncatedSVD,default,Birch,170104,0.6507936507936508
NIR_diff,TruncatedSVD,default,Birch,170108,1.0
NIR_diff,TruncatedSVD,default,Birch,170110,0.8253968253968254
NIR_diff,TruncatedSVD,default,KMeans,16090101,0.9705882352941176
NIR_diff,TruncatedSVD,default,KMeans,16090401,1.0
NIR_diff,TruncatedSVD,default,KMeans,16090601,0.9767441860465116
NIR_diff,TruncatedSVD,default,KMeans,16091201,0.9166666666666666
NIR_diff,TruncatedSVD,default,KMeans,16091301,0.75
NIR_diff,TruncatedSVD,default,KMeans,16092001,0.9682539682539684
NIR_diff,TruncatedSVD,default,KMeans,16092201,0.5
NIR_diff,TruncatedSVD,default,KMeans,16092301,0.6949152542372882
NIR_diff,TruncatedSVD,default,KMeans,16092501,0.8108108108108107
NIR_diff,TruncatedSVD,default,KMeans,16092701,0.5555555555555556
NIR_diff,TruncatedSVD,default,KMeans,16092801,1.0
NIR_diff,TruncatedSVD,default,KMeans,16093001,0.7903225806451613
NIR_diff,TruncatedSVD,default,KMeans,16093201,0.8780487804878049
NIR_diff,TruncatedSVD,default,KMeans,16093301,1.0
NIR_diff,TruncatedSVD,default,KMeans,16093501,0.9090909090909092
NIR_diff,TruncatedSVD,default,KMeans,16093601,0.6
NIR_diff,TruncatedSVD,default,KMeans,16093801,0.943661971830986
NIR_diff,TruncatedSVD,default,KMeans,170101,0.7560975609756098
NIR_diff,TruncatedSVD,default,KMeans,170103,0.7142857142857143
NIR_diff,TruncatedSVD,default,KMeans,170104,0.7142857142857143
NIR_diff,TruncatedSVD,default,KMeans,170108,1.0
NIR_diff,TruncatedSVD,default,KMeans,170110,0.873015873015873
NIR_diff,TruncatedSVD,default,MiniBatchKMeans,16090101,0.9705882352941176
NIR_diff,TruncatedSVD,default,MiniBatchKMeans,16090401,1.0
NIR_diff,TruncatedSVD,default,MiniBatchKMeans,16090601,0.9767441860465116
NIR_diff,TruncatedSVD,default,MiniBatchKMeans,16091201,0.9166666666666666
NIR_diff,TruncatedSVD,default,MiniBatchKMeans,16091301,0.7272727272727273
NIR_diff,TruncatedSVD,default,MiniBatchKMeans,16092001,0.9682539682539684
NIR_diff,TruncatedSVD,default,MiniBatchKMeans,16092201,0.5172413793103449
NIR_diff,TruncatedSVD,default,MiniBatchKMeans,16092301,0.7627118644067796
NIR_diff,TruncatedSVD,default,MiniBatchKMeans,16092501,0.8108108108108107
NIR_diff,TruncatedSVD,default,MiniBatchKMeans,16092701,0.5555555555555556
NIR_diff,TruncatedSVD,default,MiniBatchKMeans,16092801,1.0
NIR_diff,TruncatedSVD,default,MiniBatchKMeans,16093001,0.7903225806451613
NIR_diff,TruncatedSVD,default,MiniBatchKMeans,16093201,0.8780487804878049
NIR_diff,TruncatedSVD,default,MiniBatchKMeans,16093301,1.0
NIR_diff,TruncatedSVD,default,MiniBatchKMeans,16093501,0.9090909090909092
NIR_diff,TruncatedSVD,default,MiniBatchKMeans,16093601,0.6
NIR_diff,TruncatedSVD,default,MiniBatchKMeans,16093801,0.9295774647887324
NIR_diff,TruncatedSVD,default,MiniBatchKMeans,170101,0.7560975609756098
NIR_diff,TruncatedSVD,default,MiniBatchKMeans,170103,0.7142857142857143
NIR_diff,TruncatedSVD,default,MiniBatchKMeans,170104,0.7619047619047619
NIR_diff,TruncatedSVD,default,MiniBatchKMeans,170108,1.0
NIR_diff,TruncatedSVD,default,MiniBatchKMeans,170110,0.8412698412698413
NIR_diff,TruncatedSVD,default,SpectralClustering,16090101,0.7058823529411765
NIR_diff,TruncatedSVD,default,SpectralClustering,16090401,1.0
NIR_diff,TruncatedSVD,default,SpectralClustering,16090601,0.5581395348837209
NIR_diff,TruncatedSVD,default,SpectralClustering,16091201,0.7777777777777778
NIR_diff,TruncatedSVD,default,SpectralClustering,16091301,0.8636363636363636
NIR_diff,TruncatedSVD,default,SpectralClustering,16092001,0.6825396825396826
NIR_diff,TruncatedSVD,default,SpectralClustering,16092201,0.6896551724137931
NIR_diff,TruncatedSVD,default,SpectralClustering,16092301,0.8305084745762712
NIR_diff,TruncatedSVD,default,SpectralClustering,16092501,0.7837837837837838
NIR_diff,TruncatedSVD,default,SpectralClustering,16092701,0.8611111111111112
NIR_diff,TruncatedSVD,default,SpectralClustering,16092801,1.0
NIR_diff,TruncatedSVD,default,SpectralClustering,16093001,0.5967741935483871
NIR_diff,TruncatedSVD,default,SpectralClustering,16093201,0.6829268292682927
NIR_diff,TruncatedSVD,default,SpectralClustering,16093301,0.6756756756756757
NIR_diff,TruncatedSVD,default,SpectralClustering,16093501,0.6181818181818182
NIR_diff,TruncatedSVD,default,SpectralClustering,16093601,0.56
NIR_diff,TruncatedSVD,default,SpectralClustering,16093801,0.8309859154929577
NIR_diff,TruncatedSVD,default,SpectralClustering,170101,0.5365853658536586
NIR_diff,TruncatedSVD,default,SpectralClustering,170103,0.5357142857142857
NIR_diff,TruncatedSVD,default,SpectralClustering,170104,0.7142857142857143
NIR_diff,TruncatedSVD,default,SpectralClustering,170108,1.0
NIR_diff,TruncatedSVD,default,SpectralClustering,170110,0.6031746031746033
